Diag 01 Principal    (cod)|Diag 02 Secundario    (cod)|Diag 03 Secundario    (cod)|Diag 04 Secundario    (cod)|Diag 05 Secundario    (cod)|Diag 06 Secundario    (cod)|Diag 07 Secundario    (cod)|Diag 08 Secundario    (cod)|Diag 09 Secundario    (cod)|Diag 10 Secundario    (cod)|Diag 11 Secundario    (cod)|Diag 12 Secundario    (cod)|Diag 13 Secundario    (cod)|Diag 14 Secundario    (cod)|Diag 14 Secundario    (cod)_1|Diag 15 Secundario    (cod)|Diag 16 Secundario    (cod)|Diag 17 Secundario    (cod)|Diag 18 Secundario    (cod)|Diag 19 Secundario    (cod)|Diag 20 Secundario    (cod)|DIAG PSQ
|Z59.3||||||||||||||||||||F20
|F60.89|Z81.8|G40.909|Z85.72|Z92.21|Z92.3|Z94.81||||||||||||||F25
N39.0|N28.89|T88.7XXA|T45.515A|F09|I10|E78.5|E66.9|I25.9|I48.0||F41.8|N40.0|Z79.01|Z79.01|Z79.1|Z59.3|||||F29
|F60.89|V61.0|Z60.2|E78.4|Z91.19||||||||||||||||F23
|F60.9|Z59.3|||||||||||||||||||F20
|F21|Z91.19|Z62.891|Z59.0|||||||||||||||||F29
K80.12|I10|E11.9|F41.8||Z86.718|Z90.49|||||||||||||||F22
|D17.1|Z91.19|||||||||||||||||||F20
F25.9|F60.9|Z63.5|Z88.8|Z56.0|||||||||||||||||F20
S72.011A|W19.XXXA||E05.00|I10|E79.0||||||||||||||||F20
|F21|E78.0|E22.8||Z87.891|Z60.2|||||||||||||||F29
|T50.906A|Z91.14|E78.5|Z81.8|||||||||||||||||F25
S72.043A|E11.9|I10|J42|G20||M48.06|||||||||||||||F20
K40.90|I10||||||||||||||||||||F20
F33.9|||G40.901|E78.0|R45.851|Z81.8|Z88.8|H20.9|||||||||||||F60.1
G31.9|R47.01||E78.0|H25.9|H91.90|Z82.0|||||||||||||||F22
J10.00|J96.01|M62.82|J98.01|E87.1|F17.210||K64.9|D50.9|L98.499||||||||||||F20
|F14.10||||||||||||||||||||F25
G40.201||E11.9|F17.200|Z79.4|||||||||||||||||F22
F44.9|F60.4||Z81.8||||||||||||||||||F22
|F10.20||||||||||||||||||||F25
J18.9|J96.01|N17.9|Z87.891|F10.21|Z95.0|Z59.3||F41.9|G44.209|E53.8|||||||||||F20
F25.9|E89.0||||||||||||||||||||F20
|F60.5|F51.05|Z81.8||||||||||||||||||F25
K80.01|N17.9|I12.9|N18.9||E11.9|I48.91|Z79.01|Z79.02|||||||||||||F23
J69.0|J96.90|J44.9|Z87.01|Z87.891|Z74.1|Z59.3|||||||||||||||F20
F25.9|F60.89|Z81.8|||||||||||||||||||F20
|F60.0|I05.2|Z79.01|Z86.73|Z60.2|Z91.19|||||||||||||||F22
|F60.9|I48.91|I42.5|Z79.01|Z63.5|Z60.2|||||||||||||||F22
C18.7|C78.7|I10|I25.9||Z89.9||||||||||||||||F20
|E05.90|Z04.6|Z91.19||||||||||||||||||F20
L05.91||F31.9|||||||||||||||||||F20
|E22.8|Z91.19|Z81.8||||||||||||||||||F23
|I10|Z04.6|Z81.8||||||||||||||||||F22
S52.023A|C92.01||||||||||||||||||||F20
|F60.89|Z65.1|||||||||||||||||||F25
|F60.0|E11.311|E11.319|E11.51|L97.909|Z60.2|I10|Z79.4|||||||||||||F22
I21.19|I44.2|I51.89|Z88.6|G30.9|F02.80|Z59.3|||||||||||||||F22
|H91.90|N40.0|Z60.2|Z91.19|Z88.8||||||||||||||||F22
C50.312|I10|E78.5|E79.0|M16.10|K57.30||R32|K43.9|||||||||||||F20
J18.9|J96.00|J44.9|F17.200||Z90.710||||||||||||||||F20
I83.91||E78.5|E79.0||||||||||||||||||F20
|G21.11|T43.505A|||||||||||||||||||F21
|F12.20|F14.10|F60.89|Z04.6|Z91.19||||||||||||||||F20
|E11.9|Z91.19|||||||||||||||||||F22
|Z04.6||||||||||||||||||||F29
I50.9|J96.92|I34.0|I27.2|I48.2|E02|C90.00|K57.90|K62.1||Z79.01|Z59.3||||||||||F29
J98.8|I50.9|I48.2|K57.30||K91.89|K08.89|Y83.8|Z90.710|Z59.3||||||||||||F22
I21.02|I25.10|I25.84|E11.9|Z79.84|F17.210|I73.9|||||||||||||||F25
|Z91.19|Z60.2|||||||||||||||||||F22
|I10|E04.1|Z04.6|R32|G25.89||Z87.442|Z86.73|||||||||||||F22
|E78.4|K76.0|K44.9|K29.40|E88.01|R16.1|Z81.8||||||||||||||F20
|L30.9||||||||||||||||||||F22
J44.1|J96.20|J98.8|B95.62|Z22.322|B37.0||K52.2|F19.21|F17.200|I49.8|Z21|V02.62|Z87.81|Z87.81|||||||F20
|F60.89|B18.2|F12.10|Z59.3|Z91.19||||||||||||||||F25
Z42.1|Z85.3|Z90.12|J44.9||E78.5|Z90.710|Z90.722|Z88.8|Z91.048||||||||||||F20
S06.4X0A|||||||||||||||||||||F20
|Z80.0||||||||||||||||||||F25
J98.8|N17.9|I12.9|N18.4|K59.00|G20||F31.9|Z74.1|Z59.3|Z90.49|Z90.710|Z90.722|Z90.79|Z90.79|Z79.82||||||F22
|Z86.19|Z65.1|||||||||||||||||||F29
J44.1|J96.20|Z99.81|D75.1|G93.41|F17.200|E66.3|||||||||||||||F20
J43.9|J47.1|J98.8|J96.10|Z99.81||B20|B18.2|Z87.891|||||||||||||F20
|F60.0|N39.0|G20|C61|I87.2|Z91.19|Z59.3|Z88.6|||||||||||||F22
|F79|H26.009|Z91.19|Z81.8|||||||||||||||||F20
|F79|K44.9|Z04.6|Z59.3|||||||||||||||||F20
|F10.10|V61.0|Z91.19|Z81.8|||||||||||||||||F20
T42.6X2A|X83.8XXA||F60.0|Z88.2|Z81.8||||||||||||||||F22
J96.92|D50.9|R40.0|I50.30|E11.9|J44.9|G47.33|Z99.89|K44.9|K64.9||F60.89|I11.0|Z95.2|Z95.2|||||||F29
J44.9|J98.8|J96.92|Z99.81|Z99.89||F17.210|Z59.3||||||||||||||F20
|Z60.2||||||||||||||||||||F22
N39.0|F09||E11.22|Z79.84|I12.9|N18.3|E78.5|E03.9|I83.10|I69.351|I69.322|Z74.3|Z96.643|Z96.643|||||||F22
F25.9|E03.9|Z86.718|Z60.2|Z86.19|Z88.8||||||||||||||||F20
|F12.10|Z59.3|||||||||||||||||||F20
|Z85.3|Z92.3|||||||||||||||||||F20
|E78.5||||||||||||||||||||F25
C67.9|R31.0|E11.00|D62||||||||||||||||||F20
|F60.89|F70|Z63.9|Z65.9|||||||||||||||||F29
|Z04.6|E78.5|||||||||||||||||||F22
S72.099A|I12.9|N18.9|J45.909|Z86.718|R78.89||||||||||||||||F20
|K58.9|Z91.19|Z60.2||||||||||||||||||F20
I09.81|I08.0|J42|E03.9||E78.0|F17.200|||||||||||||||F20
F25.9|F60.89|B18.2|G25.9||||||||||||||||||F20
I26.99|I82.402|N39.0|D64.9|I48.0|B37.0|Z88.0|Z59.3|Z74.09|R41.81||Z79.02||||||||||F29
|T50.901A||K25.7|M47.819|Z65.8||||||||||||||||F20
|Z04.6|Z91.19|||||||||||||||||||F22
|E05.90|Z63.9|||||||||||||||||||F23
K52.89||F17.200|E66.9|Z86.11|||||||||||||||||F20
M84.552A|S32.302A|S32.602A|S32.502A|W19.XXXA|C79.51|C50.912|I10|E78.5||F84.0|J44.9|G47.33|||||||||F20
|T43.501A||F10.10|E78.4|Z91.19|Z86.718|Z87.11|Z88.6|Z60.2||||||||||||F20
F25.9|F05|E03.9|N39.0|S30.0XXA|||||||||||||||||F20
|Z91.19|Z81.8|Z88.0|Z04.6|Z71.89||||||||||||||||F22
|F70|J45.909|G40.901|Z91.19|Z77.9|Z04.6|Z81.8||||||||||||||F20
|S72.099A|||Z04.6|Z60.2||||||||||||||||F22
H40.9|||||||||||||||||||||F25
K83.0|K75.0|B95.61||I50.30|||||||||||||||||F20
|T43.596A|T42.4X6A|Z91.19|Z86.59|||||||||||||||||F20
|Z04.6|Z88.0|Z88.4|Z96.649|Z87.76||||||||||||||||F22
S06.360A|S32.009A|S22.20XA||I69.953|I69.922|F12.10|F17.200||||||||||||||F20
I50.9|I35.0|K58.9|E03.9|K44.9|K80.20|K76.0|K64.8|G21.11||Z86.73|Z79.82||||||||||F22
J44.0|I11.0|I50.9|J96.11|J96.12|N17.9|D64.9|C79.51|C50.912|E78.5|E66.2||F84.0|G47.33|G47.33|Z90.12|Z87.891|Z79.810|Z74.1|Z59.3|Z99.81|F20
E04.2|I10|E11.9|F41.8|Z86.718|Z90.49||K44.9|M51.26|||||||||||||F22
J98.8|J96.22|E66.2|E11.9|Z79.84|I10||Z79.01|Z59.3|Z74.1|M17.9|S82.845D||||||||||F20
S42.201A|W19.XXXA||G30.9|F02.80|||||||||||||||||F22
T17.908A|J96.90||K92.1||||||||||||||||||F22
|F60.0|F10.10|F12.10|Z04.6|Z91.19||||||||||||||||F23
|H91.93||||||||||||||||||||F22
|F44.9|E03.9|||||||||||||||||||F29
I62.00|J96.92|R40.2134|R40.2214|R40.2344|I11.9|E78.5||M06.9|H91.90|M88.9|||||||||||F20
J38.1|E78.0||F17.200||||||||||||||||||F20
|F60.9|F14.20|F12.20||||||||||||||||||F25
T46.5X5A|R00.1|I10|I48.0|E78.5|E11.9|Z79.4|N81.10|R32|G30.9|F02.80|G25.0||Z59.3|Z59.3|Z88.0|Z88.1|Z98.42||||F25
|Z91.19|Z74.1|Z59.3||||||||||||||||||F25
J44.1|J96.00||F17.200|Z99.81|||||||||||||||||F20
|V61.0|Z88.0|||||||||||||||||||F23
S22.41XA|W19.XXXA|N39.0|B96.20|J96.01|J98.8|I10|H91.90|E78.5|J45.909|Z74.3|Z59.3||K44.9|K44.9|E04.9|Z90.49|||||F22
|F71|E03.9|||||||||||||||||||F20
|F60.0|I05.2|Z79.01|Z60.2|Z63.5|Z91.19|||||||||||||||F22
|E03.9|E78.2|Z91.19|N39.0|E66.9||||||||||||||||F20
S72.101A|W19.XXXA|E11.9||F09|||||||||||||||||F20
|E89.0|Z81.8|||||||||||||||||||F25
|D18.02|F12.10|Z91.19|Z90.79|||||||||||||||||F20
J44.1|J96.20|Z99.81||F17.200|||||||||||||||||F20
|H35.52|H54.0|Z04.6|Z91.19|Z72.0|Z88.1|||||||||||||||F20
J44.0|J20.9||H40.9|Z59.3|||||||||||||||||F20
D23.30|D23.60||F60.3|F19.21|I48.92|K44.9|||||||||||||||F20
F25.9|F07.0|Z91.89|F17.200|Z91.19|Z81.8|Z63.72|||||||||||||||F20
|Z63.5|Z98.51|||||||||||||||||||F23
|G31.84|S22.39XA|V61.0||||||||||||||||||F22
J98.8|I50.9|Z87.891|F10.20|I42.0|I48.2|Z86.73|J98.11||J44.9|Z79.01|Z59.3|Z74.3|||||||||F25
L08.9|G82.20|S14.109S||F32.9|E78.4|Z89.209|Z59.3||||||||||||||F20
F25.9|F60.89|Z65.3|||||||||||||||||||F20
T38.3X1A|J96.00|T17.900A||E10.9|Z79.4|F17.200|||||||||||||||F20
|F79|Z81.8|Z91.19||||||||||||||||||F20
||F70|E66.01|K59.09|||||||||||||||||F20
|Z91.19|Z04.6|Z81.8||||||||||||||||||F20
|F95.2|F70|Z81.8|Z63.72|Z04.6|Z72.0|||||||||||||||F29
|F60.89|B20|Z81.8||||||||||||||||||F25
|F12.20|F60.0|F60.81|E03.9|E22.1|Z81.3|||||||||||||||F22
S52.502D|X58.XXXD|I83.90|||||||||||||||||||F20
I09.81|I50.1|I05.1|I07.1|I48.91|Z79.01|E66.9|F17.200|E03.9|E78.0|J42|||||||||||F20
K55.9|N17.9|I11.0|I50.9|I48.91|J96.10|Z99.81|J45.909|E11.9|Z79.84||E78.5|D68.0|M81.0|M81.0|Z98.49|Z96.641|Z59.3||||F20
I63.9|E11.9|I10||Z87.891|Z60.2||||||||||||||||F20
F25.9|E11.9|E78.4|Z63.5|Z60.2|||||||||||||||||F20
A41.9|N39.0|B96.4|R31.9|I11.0|I50.9|I48.91|Z79.01||Z96.0||||||||||||F20
|F17.200|Z04.6|Z81.8|Z91.19|||||||||||||||||F22
J18.9||E66.9|F14.10|F17.200|||||||||||||||||F20
E11.618|E53.8|D89.2||F32.9|I67.81|H91.90|K80.20|F17.200|||||||||||||F22
|F12.20|F15.90|F14.90|F10.10|Z56.89|Z63.9|||||||||||||||F20
I63.30|G81.93|E78.4|E11.9|I10|N40.0||H54.60||||||||||||||F20
C18.9||N40.0|||||||||||||||||||F20
S72.101A|W19.XXXA|F03.90|I10||K58.9|N39.0|Z90.49||||||||||||||F22
K85.9|N17.9|K80.20|K44.9|E11.9||E78.4|||||||||||||||F20
|G31.84|I12.9|N18.9|C50.811|E05.00|Z04.6|Z60.2|Z86.73|||||||||||||F22
|F32.9|F12.10|F15.10||||||||||||||||||F29
K80.18|E11.9|I10|E78.4||K76.0|Z59.3|||||||||||||||F20
|L02.33|Z81.8|||||||||||||||||||F23
|K40.90|F12.21|F11.21|Z85.05|||||||||||||||||F20
S72.099A|||||||||||||||||||||F20
|F71|Q03.0|||||||||||||||||||F29
|F14.10|Z91.19|Z63.5||||||||||||||||||F29
E87.1|R63.1|R56.9|M62.82||F17.200||||||||||||||||F20
S72.109A||G20|N40.1|R68.89|D56.9|Z87.440|||||||||||||||F20
|Z04.6|Z91.19|Z63.8||||||||||||||||||F22
|Z04.6|Z91.19|||||||||||||||||||F23
|G24.9|G25.79|||||||||||||||||||F25
F25.9||E22.1|Z63.5|Z60.2|||||||||||||||||F21
|F12.10|Z91.19|Z63.5||||||||||||||||||F23
|F70|F60.89|N39.0|E22.1|||||||||||||||||F22
J98.01|E78.5|I35.8||F03.90|||||||||||||||||F29
|H51.8|Z98.41|Z98.42||||||||||||||||||F20
I70.229|I48.91||F05|Z86.79|Z86.19||||||||||||||||F22
|G24.8|F12.10|F10.10|Z81.8|||||||||||||||||F25
|F17.210|E03.9|||||||||||||||||||F25
S82.843A|S01.00XA|S52.209B|S22.49XA|S27.2XXA||K57.30|||||||||||||||F22
J98.8|J96.00|G47.33|I49.8||I87.2|F17.200|||||||||||||||F20
|E78.00||||||||||||||||||||F25
C18.2|C77.2|D63.0|I50.9|I08.1|I27.2|I48.91|Z79.01|I10|I87.2||K57.30|K44.9|Z95.0|Z95.0|Z95.810||||||F22
I26.99|I82.419|J96.00|E87.6||H91.90|I10|E11.9||||||||||||||F20
E86.0|N17.9|E11.618|R78.81|B95.61|B37.0|G20|G31.84|F25.9|I34.0|J96.10|Z99.81|J42|||||||||F20
R55|I10||I67.89|D16.4|Z85.828|Z98.42|Z86.010||||||||||||||F29
L89.619|L89.629|L97.519|B95.61|Z89.419|E11.9||Z79.4||||||||||||||F20
S71.102A|S75.002A|S74.11XA|W26.0XXA||||||||||||||||||F29
|F60.89|B18.1|F14.20|F12.20|F11.10|Z88.6|||||||||||||||F25
F25.9|Z04.6|Z88.9|Z60.2||||||||||||||||||F20
J44.1|J96.00||F17.200||||||||||||||||||F20
|F12.10|R45.851|Z63.0||||||||||||||||||F23
|G31.84|F31.9|I12.9|N18.9|K57.30|Z87.11|Z86.73|Z88.4|Z88.6||||||||||||F22
J96.92|E66.2|J98.8|I50.9|I10|E11.65|Z79.4|F10.20|K76.0|E78.5|E79.0||G93.89|||||||||F22
|I10|Z85.068|Z91.19|Z04.6|||||||||||||||||F22
|F17.200|Z04.6|Z91.19||||||||||||||||||F22
S82.63XA|S82.899A|S92.009A|S32.10XA|S32.409A|S32.609A||B18.2||Z59.3||||||||||||F20
|R44.0|F64.9|Z91.19|E78.00|E03.9||||||||||||||||F25
|G31.84|G20|I10|Z60.2|Z63.5|E78.0|N40.0||||||||||||||F22
I63.311|G93.6|E11.9|Z79.4||F17.210||||||||||||||||F20
|F60.3|I10|E11.9|E66.9|Z88.0|Z72.0|Z59.3||||||||||||||F25
|F12.10|R41.83|Z81.8||||||||||||||||||F20
I63.50|I13.10|N18.9|Z86.79|B18.2|H35.039||F12.10|F17.200|Z65.3||||||||||||F20
C83.38|J90|I80.209|E11.9|E44.0||E78.5|Z72.0||||||||||||||F20
|F60.3|Z63.5|Z59.0|T54.3X2A|||||||||||||||||F25
I67.1|G40.909|G93.40|R40.2434|I10|M35.3|N40.0||J69.0|T17.918A|I60.12|Z86.11|Z87.891|||||||||F20
F25.9|N39.0|Z91.19|Z56.0|Z63.79|||||||||||||||||F20
T81.31XA|K68.11|Z90.49|F17.200|K74.0||B18.2|F17.200||||||||||||||F20
|V61.0|Z81.8|E78.4||||||||||||||||||F23
J00|E78.5|F17.210||Z88.8|||||||||||||||||F20
|F01.51||||||||||||||||||||F22
|M31.30||||||||||||||||||||F29
|F60.9||||||||||||||||||||F20
F25.9|F71||||||||||||||||||||F20
F25.9|F01.50|G30.9|F02.81|I10|E78.4|Z59.3|Z86.711|Z79.82|Z81.8||||||||||||F20
T42.4X1A|R40.20||F50.2|F17.200|||||||||||||||||F20
J98.8|E11.9|Z79.4||D47.2|Z59.3|Z79.82|||||||||||||||F20
F09||I10|E78.5|E03.9|I48.91|I71.4|Z79.01|Z81.8|||||||||||||F25
F42.9||F60.0|||||||||||||||||||F22
|T43.591A|N28.9|Y92.009|I10|L21.9|F12.10|Z59.3||||||||||||||F25
|T20.00XA|X83.8XXA|Z04.6|Z72.0|||||||||||||||||F20
|F60.89|I10|E78.4|M15.9|Z60.2|Z63.5|||||||||||||||F23
J98.8|E87.2|R40.20|T50.905A|J44.9|J45.909||Z79.52|Z90.710|F17.210||||||||||||F25
|K44.9|S19.9XXA|||Z63.5|Z04.6|||||||||||||||F22
F25.9|Z04.6|Z91.19|Z63.5||||||||||||||||||F20
|Z04.6|I10|G40.909|Z81.8|B91|Z72.0|||||||||||||||F20
|Z60.2||||||||||||||||||||F23
|T84.039A|Z87.798|Z88.0|Z88.4|||||||||||||||||F22
|Z04.6||||||||||||||||||||F22
|E11.9|E78.2|Z60.2|F17.200|Z56.0|Z81.8|Z91.19||||||||||||||F22
|Z04.6||||||||||||||||||||F20
|I10|E78.0|E03.9|Z91.19|Z04.6||||||||||||||||F22
J44.1|J98.8|J96.00|F19.21||Z21|V02.62|Z87.81||||||||||||||F20
J44.0|J22|J96.92||E66.9|Z88.6|F17.210|I10|Z86.018|||||||||||||F20
|F10.10|Z60.2|Z91.19|Z81.8|||||||||||||||||F20
F25.9|Z81.8|Z04.6|Z91.19||||||||||||||||||F20
F25.9|E89.0|R45.851|Z81.8||||||||||||||||||F20
|F12.20|Z04.6|Z81.8||||||||||||||||||F29
S72.001A|W19.XXXA|I10|E11.9||Z98.1||||||||||||||||F29
|Z91.19|Z60.2|||||||||||||||||||F20
|E05.90||||||||||||||||||||F23
|D68.51|Z60.2|Z81.8|Z86.73|||||||||||||||||F22
F25.9|I67.2|G31.84|Z85.3|Z90.10|V12.2||||||||||||||||F20
E86.0|R30.1|I10|I34.0|I35.0|M15.0|E78.4|E03.9||||||||||||||F20
F25.9|F60.89|E78.4|R78.89|F17.200|Z62.891|Z91.19|Z04.6|Z88.6|Z88.8||||||||||||F20
|F25.9|E11.9|E78.5|E79.0|||||||||||||||||F22
|F14.10|F12.10|F11.10|F60.89|Z88.6|B19.20|||||||||||||||F25
J44.0|I10|G47.33|F17.210|E66.9|||||||||||||||||F25
D41.4||F10.96|K44.9|Z59.3|||||||||||||||||F20
F32.9|||||||||||||||||||||F22
F33.3||G31.84|||||||||||||||||||F22
J98.8|I50.9|K59.00|F03.90|F41.9||Z87.440|||||||||||||||F29
J98.8|R06.00||K22.2|K22.70|F17.200|I95.9|L68.0||||||||||||||F20
I83.90|||||||||||||||||||||F20
J98.8|D50.9|K44.9|F01.50||Z85.46|Z92.3|Z74.3|Z59.3|||||||||||||F29
I50.9|J98.8|G91.2||Z86.73|Z59.3||||||||||||||||F20
S82.201C|S82.401C|W19.XXXA|I27.81|G93.41|F60.89||F17.210|Z96.641|||||||||||||F29
|F60.89|Z91.19|||||||||||||||||||F20
J96.20|J98.8|J44.9|Z99.81||I50.9||||||||||||||||F20
F10.96|E22.2|E87.1|J69.0|J96.00||F10.10|Z59.3||||||||||||||F20
|F17.210|E66.9|||||||||||||||||||F20
J18.9|J96.00||Z87.891||||||||||||||||||F20
|Z81.8|Z60.2|Z91.19||||||||||||||||||F22
K52.9|G20|K44.9||F03.90|Z59.3||||||||||||||||F29
|F12.10||||||||||||||||||||F29
|F60.9|F09|F10.20|C61|Z92.3||||||||||||||||F22
J44.0|J96.01|E87.1|N39.0||Z59.3|Z74.3|||||||||||||||F20
|F60.3|F14.21|Z65.1||||||||||||||||||F29
J98.8|J96.00|F17.200||F18.10|||||||||||||||||F20
T86.40|K83.0|K83.1|||||||||||||||||||F20
|F60.3|F12.250|F12.251|F14.250|F14.251|F51.05|E02|J40|||||||||||||F25
D33.0|G96.0|G93.89||F17.210|||||||||||||||||F20
|Z81.8||||||||||||||||||||F25
K56.2|I10|E78.5||G31.9|F09|G40.909|||||||||||||||F25
|F60.5|Z81.8|||||||||||||||||||F25
Z42.1|Z15.01|Z90.10|Z90.710|Z90.79||Z88.1|||||||||||||||F20
|Z91.19|Z63.9|||||||||||||||||||F20
F25.9|F60.9|Z63.5|||||||||||||||||||F20
N39.0|B96.89|Z16.24|G31.83|E03.9||Z79.82|Z59.3||||||||||||||F29
J44.1|J96.20|Z21||B18.2|F11.21|F12.10|F17.200||||||||||||||F20
|F60.89|Z21|Z81.8||||||||||||||||||F25
|F12.10|G80.1|||||||||||||||||||F29
|F60.5|Z60.2|Z81.8|Z91.19|Z63.79||||||||||||||||F22
|C34.10|J96.00|R04.2|I87.1|F17.200|Z51.5|||||||||||||||F20
|F60.89||||||||||||||||||||F20
|F32.1|E11.9|E78.4|K29.40|I10|I48.91|Z79.01|K76.0|I67.2|Z86.79|||||||||||F22
|N23|Z81.8|||||||||||||||||||F20
J18.9|P91.60|F09|E03.9|G40.909|||||||||||||||||F29
I50.9|I27.81|J44.9|J96.10|R71.8|E11.9|Z79.84|F17.210||||||||||||||F20
|Z63.5|Z04.6|||||||||||||||||||F29
S93.06XA|||F19.21|Z88.0|||||||||||||||||F20
F30.2||E78.0|R78.89|G25.0|||||||||||||||||F22
|F60.0|I10|E11.311|E11.319|H33.20|Z60.2|||||||||||||||F22
J98.8|R78.81|B96.5|T82.7XXA|A41.1|A41.9|N18.6|V45.1|Z79.02|F25.9||||||||||||F20
J98.8|J96.00|R33.9|N17.9||Z59.3||||||||||||||||F20
|I10|E11.21|E11.319|E78.5|I25.2|Z90.710|Z90.722|Z79.4|Z79.82||||||||||||F22
|F05|T43.96XA|Z91.19|G25.1|T43.95XA||||||||||||||||F25
K51.00||Z79.82|E40||||||||||||||||||F22
|Z81.1|Z82.41|||||||||||||||||||F25
F32.3|||||||||||||||||||||F29
|F70|F60.89|Z91.19||||||||||||||||||F23
I13.0|I50.9|N18.3|I48.2|Z79.01|E11.21||Z90.49|Z96.659|||||||||||||F22
|G92|F09|T50.905S|R13.19|J69.0|J15.211|E41|K44.9|F42.9|Z59.3|F32.9||||||||||F20
|N60.19||||||||||||||||||||F29
|Z81.8||||||||||||||||||||F23
C92.40|D65|R78.81|E41|B95.4|J96.00|T49.0X5A|I46.8|Z72.0|E11.9|I10||E78.5|||||||||F20
F25.9|M25.519|V61.0|Z59.3||||||||||||||||||F20
|Z81.8||||||||||||||||||||F29
J98.8|R41.0|F03.90|F29||I10|I48.2|||||||||||||||F22
|K04.7|J32.0|J45.909|G40.901|Z91.19|Z88.6|||||||||||||||F20
R07.82|F60.4||I10|E78.4|Z87.891||||||||||||||||F22
|R45.851|Z81.8|Z83.6||||||||||||||||||F29
|F07.9|F12.21|Z97.5||||||||||||||||||F22
I60.9||I10|E78.4|Z98.61|||||||||||||||||F20
I26.99|J44.9|J98.8|J96.10|B95.7|J98.4|L89.609||B95.62|N39.0|I67.2||I10|Z87.891|Z87.891|||||||F20
E11.618|L97.209|N18.9|||||||||||||||||||F20
|E78.1|Z90.49|||||||||||||||||||F20
|F12.90|Z63.5|||||||||||||||||||F29
|Z91.19|Z90.79|||||||||||||||||||F20
J44.0|J20.9|F17.210|||||||||||||||||||F20
J44.0|J98.8|I13.0|I50.9|N18.9|J96.90|I48.91|Z79.01||K86.9|J98.59|Z74.3|Z90.710|Z98.49|Z98.49|Z87.440||||||F29
F25.9|Z81.8|Z63.5|Z60.2||||||||||||||||||F20
I50.9|D50.9|I35.0|G21.11|K44.9|K58.9|E03.9||Z86.73|Z79.82|Z59.3|||||||||||F22
|G35|Z63.0|Z60.2|Z91.19|||||||||||||||||F29
|Z91.19|Z04.6|||||||||||||||||||F29
|F79|Z59.3|||||||||||||||||||F20
|Z59.0||||||||||||||||||||F29
|G47.00|Z91.19|E11.22|N18.9|Z85.46|Z90.79|Z85.51|Z90.6|Z90.5|Z96.0|Z86.73||||||||||F29
|L01.1|I10|N84.0||||||||||||||||||F25
L03.119|G40.901|G91.1|E66.9||R73.01|Z59.3|||||||||||||||F20
|I95.2||Z04.6|Z60.2|Z81.8|Z87.11|Z91.19||||||||||||||F20
M16.9|J44.9|K21.9|||||||||||||||||||F20
|E11.9|Z79.84|H91.93|Z97.4|||||||||||||||||F22
J01.90|||||||||||||||||||||F20
|F71||||||||||||||||||||F20
K80.00|I10|E78.5|I48.2|Z79.01|F01.50||Z88.1|Z88.6|Z74.3|Z96.653|||||||||||F29
|I10|E78.4|R78.89|G47.33|||||||||||||||||F22
J98.8|T17.900A|J96.10|Z99.81|I50.9|J43.9|G91.2|G40.901|R13.19|E11.9|D50.9|D47.2||E66.9|E66.9|||||||F20
K76.1|B18.2|D69.6|K80.20|K83.0||F19.21|||||||||||||||F20
|Z91.19|Z81.8|Z59.3||||||||||||||||||F22
R55|S06.0X0A||A52.3|F02.80|G31.84|M47.812||N40.0|N32.3|K22.70|D50.9|F10.10|||||||||F20
N39.0||I10|E78.5|E03.9|I71.2|K80.10|Z79.01||||||||||||||F25
C34.11|I87.1|G47.53|J98.8|B95.61||F68.8|F17.210|F10.20|Z60.2||||||||||||F21
K52.9|I10|H91.90|F09|I48.0|D50.9||Z90.49|Z90.79|Z88.1|Z59.3|||||||||||F29
J69.0|T84.020A||Z86.73|Z74.3|Z59.3||||||||||||||||F29
R42|F10.20|J44.9||Z85.21|Z93.0|Z87.891|||||||||||||||F20
|F60.0|Z04.6|Z81.8|Z88.8|||||||||||||||||F22
J69.0|J96.00|G93.41|I50.9|E66.2||D47.2|G40.901|G91.2|Z79.82|Z59.3|||||||||||F20
|F60.1|E01.2|Z91.19||||||||||||||||||F20
R55|N39.0|B95.61|E11.9|E78.4||F17.200|Z59.3||||||||||||||F20
T42.4X2A|F31.30||F60.2|F14.21|F12.21|F11.21|F10.21|B19.20|Z86.73|Z79.82|Z81.1|Z59.3|||||||||F20
|F60.5||||||||||||||||||||F20
|F45.0|F34.1|||||||||||||||||||F22
|Z91.19|Z59.3|||||||||||||||||||F20
|I10|Z72.0|||||||||||||||||||F20
|Z91.19|Z63.5|||||||||||||||||||F29
|D18.03||||||||||||||||||||F23
J44.0|J98.8|J44.1|J96.22|E87.2||F17.210|Z99.81||||||||||||||F20
|Z91.14||||||||||||||||||||F22
|Z04.6|Z60.2|||||||||||||||||||F23
|F60.89|F10.21|F60.1|Z90.49|||||||||||||||||F25
|F60.5|T43.016A|Z91.19|Z81.8|||||||||||||||||F25
I82.419|I26.99|J47.9|B90.9||I67.81||||||||||||||||F20
|R41.83|E66.9|E03.9||||||||||||||||||F25
T17.908A|J96.00|E11.649|Z79.4|I10|E78.5|I70.209|K40.90|F10.20|F32.9||Z88.0|Z59.3|Z85.828|Z85.828|Z86.11|Z89.511|||||F29
|E78.4|K29.40|K76.0|R74.0||K44.9|E88.01|Z81.8|Z88.0||||||||||||F20
|T40.5X1A|F14.129|F12.10||||||||||||||||||F20
F91.9|E44.1|K56.0|J18.9|J96.01||G40.909|R78.81|B95.7|||||||||||||F29
R04.2|J47.1|I48.91|I47.2|J84.111|K44.9||Z87.891||||||||||||||F22
J44.1|J96.02||F17.210|Z59.3|||||||||||||||||F20
|F60.89||||||||||||||||||||F25
|E22.1|Z04.6|Z81.8|H91.90|E66.9|Z87.891|||||||||||||||F25
A41.9|R65.21|N17.9|E87.2|D65||I12.0|N18.5|Z99.2|F17.210|Z86.73|||||||||||F20
|Z85.41||||||||||||||||||||F25
E11.618|M86.9|B95.61|I10||F10.10|F17.200|||||||||||||||F22
N40.0||B18.2|K26.9|Z86.11|Z59.3||||||||||||||||F20
|Z62.891|Z60.2|||||||||||||||||||F22
|F10.20|Z91.19|Z04.6|Z60.2|||||||||||||||||F22
T22.019A|||F79|I10|Z59.3||||||||||||||||F20
I71.3|I97.88|G95.11|G82.20|N17.9|I10||E78.5|E40|||||||||||||F20
|Z63.5|Z60.2|Z86.73|Z04.6|||||||||||||||||F22
J44.1|J98.2|J96.00||F10.20|F17.200|K70.9|I45.10|M79.5|Z87.11||||||||||||F20
|E05.90|Z60.2|Z04.6|Z91.19|||||||||||||||||F22
I16.9|I10|S20.20XA|X58.XXXA|G47.33|J44.9|F17.210|E66.9||||||||||||||F25
|B18.1||||||||||||||||||||F20
|F60.9|F10.10|F14.10|F12.10|Z91.19||||||||||||||||F20
|F60.9|Z04.6|Z91.19|Z59.3|G82.20|N31.9|S34.109S|K50.90|Z89.202||||||||||||F25
|R41.81|Z91.11|||||||||||||||||||F25
|E11.9|I50.9|Z60.2||||||||||||||||||F29
J98.8|J98.01|R10.9||K59.00|I48.91|Z79.01|K57.30|Z59.3|Z90.710||||||||||||F22
I46.9|G21.0|||E11.8|E78.4|F10.10|Z87.891|Z87.440|Z59.3||||||||||||F20
N17.9|T50.2X5A|T46.5X5A|T49.0X5A|I10|||||||||||||||||F20
|I67.1|Z85.038|Z90.49|Z92.21|I10||||||||||||||||F23
|Z63.5|Z72.0|Z81.8|Z56.0|||||||||||||||||F25
F25.9|E03.9|E22.8|||||||||||||||||||F20
J98.8|J96.00|J44.9|G30.9|F02.80|F01.50|I11.9||E78.0|F17.200|Z95.828|Z90.79|Z79.02|Z91.041|Z91.041|||||||F22
J98.8|J44.9|J96.22|E66.2|E11.9|Z79.84|E78.5|E89.0||F17.290|Z99.81|Z91.048|Z59.3|||||||||F20
|F07.89|J45.909|G44.229||||||||||||||||||F29
F25.9|K76.0|F17.200|F10.10|Z04.6|||||||||||||||||F20
|Z81.8||||||||||||||||||||F22
G35||F11.20|F12.10|F17.200|||||||||||||||||F20
|Z91.19||||||||||||||||||||F23
K52.89|J98.8|B96.89||B18.2|F19.21||||||||||||||||F20
|F09|E78.00|M72.0|Z88.1|||||||||||||||||F22
C34.10|J96.20|C78.00|C78.7|C77.1|J43.9|J15.212|I48.91|I47.2|D35.00||Z87.891|Z59.3|||||||||F20
F90.9||F60.1|||||||||||||||||||F29
J96.00|J69.0|I48.91|N17.9|I10||Z96.659|||||||||||||||F20
F25.9|E87.1|R60.0|N39.0||||||||||||||||||F20
F43.0||M50.20|M51.26||||||||||||||||||F60.1
K52.9|E11.9|E78.00||F17.210|E66.2|Z59.3|Z79.84|Z98.41|Z98.42|Z86.018|||||||||||F20
J69.0|B37.49|Z59.3|Z86.73|Z74.3||R33.9|Z96.641||||||||||||||F29
|H40.9|Z81.8|||||||||||||||||||F25
|F60.9|Z59.0|||||||||||||||||||F29
J84.112|J84.9|J98.8|J96.02|Z59.3|F43.21|F60.4||Z79.82|G30.9|F02.80|||||||||||F20
|F71|I10|F90.9||||||||||||||||||F29
F25.9|F60.9|E88.81|F10.10|Z91.19|||||||||||||||||F20
|F60.89|D50.9|I10|E78.5|H40.9|G25.0|||||||||||||||F25
J98.8|I50.9||||||||||||||||||||F20
|F12.10|F17.210|Z81.8||||||||||||||||||F29
|F12.10|F14.10|F11.10||||||||||||||||||F20
|F17.210|Z60.2|||||||||||||||||||F29
|F70|F12.21|F10.10||||||||||||||||||F20
J96.22|T50.905A|E66.9|M40.209|N25.1|T43.595A||H54.0||||||||||||||F20
J47.0|J98.8|J96.20||F17.210|K44.9|Z59.3|||||||||||||||F20
I74.3|I26.99|I25.10|Z98.61|Z86.11|F17.200||Z88.6|Z91.041|Z87.11|Z86.010|||||||||||F20
|Z04.6|Z91.19|||||||||||||||||||F20
T40.2X1A||T38.0X5A|C34.12|C79.51|Z51.5|Z85.038|Z92.21|Z92.3|I10|H40.9|N40.0||||||||||F29
|E22.1||||||||||||||||||||F29
J98.4|I10|E11.9|I48.91|Z79.01||E03.9|Z95.2|Z87.891|||||||||||||F20
|F21|Z60.2|Z81.8|Z85.048|Z90.49|Z92.21|||||||||||||||F29
J69.0||K22.2|K22.70|F17.200|I95.9|L68.0|||||||||||||||F20
J18.9|R41.0||I10|Z59.3|||||||||||||||||F20
|F33.9|E03.9|F25.0||||||||||||||||||F23
D50.0|R19.5|I12.9|E11.22|N18.3|E78.00|F32.9||F42.3|F09|Z87.01|Z86.718|Z74.3|Z59.3|Z59.3|||||||F22
|Z59.0|Z63.8|Z04.6|Z63.5|Z21||||||||||||||||F29
|Z04.6|Z91.19|||||||||||||||||||F29
|Z91.19|B18.2|F10.10|N47.0|Z04.6||||||||||||||||F20
|F12.10|B18.2|K76.0|Z60.2|||||||||||||||||F23
D49.0|I10|E11.9||Z59.3|||||||||||||||||F22
T86.40|B18.2|R74.0|Z85.05|E11.618|F17.200||||||||||||||||F20
N17.9|M62.82|K71.6|S52.509A|F25.9|E78.0||||||||||||||||F20
F25.9|E03.9|Z86.19|Z88.8|Z60.2|||||||||||||||||F20
|G31.84|Z60.2|Z91.19|Z85.038|Z90.49|Z92.21|Z82.0||||||||||||||F22
S06.5X0A|S06.6X0A|X58.XXXA|F60.1|F60.0||R45.1|F10.231|F17.200|||||||||||||F21
|Z72.0|Z04.6|||||||||||||||||||F25
F33.3||F10.10|E78.0|Z91.19|Z81.8|Z04.6|||||||||||||||F22
J18.9|I26.99|I82.419|D47.2|L89.509||J32.0|B37.0||Z59.3||||||||||||F20
E11.00|I11.9|I48.91|J43.9||K26.9|G20|H54.10|Z79.01|Z88.0|Z88.1|Z87.891||||||||||F22
|E78.4|I10|Z88.0|Z63.5|Z62.1|Z60.2|||||||||||||||F20
|G40.101|E11.9|||||||||||||||||||F22
E11.621|L97.529|T81.4XXA|B95.7|B96.89|E11.319|I10|E66.9||E78.5||||||||||||F20
|Z91.11||||||||||||||||||||F20
|F70|H90.5|E78.4|Z81.8|Z88.6||||||||||||||||F22
|Z91.19|Z81.8|||||||||||||||||||F29
K20.9|K29.60|T54.3X2A|J69.0|J96.00||I10|E03.9|E66.9|E78.5||||||||||||F20
|Z81.8|Z63.5|Z60.2|Z81.8|Z04.6|Z86.79|||||||||||||||F23
|D25.9|Z81.8|Z60.2|Z91.19|||||||||||||||||F22
|I10||||||||||||||||||||F22
|N39.0|R33.9|I10|E53.8|F01.50|Z86.73|Z79.82|H54.60|S16.9XXS||||||||||||F22
K52.89|J69.0|J96.00|G40.309|R33.9||R13.0|J44.9|I73.9|Z86.010|Z87.891|||||||||||F20
C67.8||K44.9|E78.4|R78.89|||||||||||||||||F20
|Z81.8|Z91.19|||||||||||||||||||F22
|N39.0||||||||||||||||||||F23
K40.90||F02.81||F15.10|B18.2|Z88.1|Z59.3||||||||||||||F22
|I10|E66.01|T43.92XA||||||||||||||||||F20
|F60.89|T43.021A|K59.00||||||||||||||||||F23
|Z81.0||||||||||||||||||||F23
J44.1|J96.22|Z99.81|Z59.3||F17.210|K44.9|||||||||||||||F20
F42.9||Z81.8|||||||||||||||||||F22
N39.0|B96.20|B96.89|I12.9|N18.3|K59.00||F30.2|Z59.3|Z79.82||||||||||||F22
G30.9|F02.81||H91.90|E44.1|Z04.6|Z60.2|Z91.19|K44.9|Z81.8||||||||||||F22
K43.2|L89.159|K56.0|Y84.8||||||||||||||||||F20
|Z60.2|Z63.9|Z65.8|Z72.4|||||||||||||||||F20
A41.9|R65.21|B99.8||C50.911|Z90.11|Z88.1|||||||||||||||F22
E11.00|N17.9|E86.0|R53.1||||||||||||||||||F29
K52.89|E11.9|I10|I48.91|Z79.01||J44.9|Z95.2||||||||||||||F20
|F60.1||||||||||||||||||||F29
|I48.2|Z79.01|E03.9|I12.9|E11.22|N18.3|E78.5||||||||||||||F25
T43.502A||Z60.2|Z04.6|Z91.19|Z72.0||||||||||||||||F20
D44.3|G91.1|E23.0||E23.2|||||||||||||||||F20
C54.1|E11.9|I10|E03.9||G25.9|T44.3X5A|||||||||||||||F22
N04.9||E03.9|||||||||||||||||||F20
C18.2|C78.6|C77.2|I42.0|I10|I25.9||F32.9|F17.210|M35.9|Z85.118|Z90.2|Z99.81|||||||||F22
|E03.9|N60.19|Z63.72||||||||||||||||||F23
|F14.90||||||||||||||||||||F25
K35.3|||||||||||||||||||||F20
D44.3|H53.47||D53.9|E44.0|||||||||||||||||F20
A41.9|K65.1|L97.419|L08.9|I10|E11.9|E78.5|F03.90|I69.398||B19.20|Z90.710|K59.39|Z74.3|Z74.3|||||||F29
K56.2|K59.00|Q43.4||K59.3|Z04.6|R45.851|F17.200|E78.4|||||||||||||F20
|F32.9|I10|Z04.6||||||||||||||||||F22
C78.7|C78.6|C78.00|Z85.42|G89.3|Z90.710|Z92.21||Z87.891|Z51.5|Z88.6|||||||||||F20
|F12.10|Z81.8|Z86.19||||||||||||||||||F20
|Z63.5|Z56.0|F17.200|Z91.19|||||||||||||||||F20
|F60.9|Z91.19|Z04.6||||||||||||||||||F29
S22.009A|F32.9||F21|Z81.8|Z74.2|Z63.9|Z65.8||||||||||||||F20
|R41.83|Z81.8|||||||||||||||||||F29
K80.00|I48.2|Z88.1|Z88.8|I10|E78.5|Z74.3|Z79.01|Z96.653|F01.50||||||||||||F29
|F12.90||||||||||||||||||||F29
R78.81|B96.20|C25.9|C78.7|Z74.3|||||||||||||||||F25
I35.0|I25.10|J95.821|J44.1|I48.91||K76.0|J62.8|F10.10|E66.9|E78.4|Z87.891||||||||||F20
|Z81.8|Z63.8|Z60.2||||||||||||||||||F20
|F07.0|E11.9|E03.9|I83.90|E78.0|Z94.7|||||||||||||||F20
|Z60.2|Z81.8|Z91.19||||||||||||||||||F20
G93.49|J44.0|J22|E87.2|J96.02|I27.81|Z99.81|Z99.89|F17.210||E03.9|M41.82|M48.56XA|Z96.641|Z96.641|||||||F29
|R29.818|G21.11|N39.0|B95.7|J15.211|J96.00|Z04.6|E41|||||||||||||F20
|F60.9|I10|E78.1|Z81.8|Z60.2||||||||||||||||F22
G30.9|F02.81||E03.9|E78.2|E66.9|M16.9|||||||||||||||F22
|Z91.19||||||||||||||||||||F20
I50.9|N39.0|B96.20|E11.9|N17.9|N18.9|I48.2|Z79.01|G30.9|R32||Z59.3||||||||||F29
|Z04.6|Z63.5|R45.851|Z91.19|||||||||||||||||F23
F25.9|Z91.19|F14.10|||||||||||||||||||F20
J43.9|J96.00|Z21||B18.2|F11.21|F17.200|E78.0||||||||||||||F20
J20.9|J96.00|I10||Z59.3|||||||||||||||||F20
J44.1|J96.00||B18.2|J47.9||F19.21|F17.200||||||||||||||F20
|F60.89|Z04.6|Z63.5|Z91.19|R45.851|Z63.72|Z86.711||||||||||||||F29
|F12.10|Z60.2|||||||||||||||||||F22
|E11.9|I10|Z86.73|Z56.0|||||||||||||||||F22
|F12.10|Z81.8|Z59.8||||||||||||||||||F23
|Z91.19|Z81.8|Z63.72||||||||||||||||||F25
|F60.9|N39.0|Z60.2|Z63.5|Z88.6||||||||||||||||F23
T43.501A||T42.4X1A||F25.9|J69.0|J96.20|G47.33|F17.200|Z81.8|Z63.5|Z90.89||||||||||F20
|T50.901A||B18.2|F11.20|Z63.5||||||||||||||||F22
L44.0|R40.0||F32.9|||Z86.11|||||||||||||||F60.1
N40.3|R33.8||Z96.0|Z88.1|||||||||||||||||F20
|E79.0|Z91.19|||||||||||||||||||F25
J47.1|B95.61|Z16.11|J96.20|Z99.81||K70.9|Z86.11|F17.200|F10.10|Z59.3|||||||||||F20
|L40.0|H54.10|Z04.6|Z91.19|||||||||||||||||F20
R55|I44.0|N39.0|B96.1|Z16.10|Z16.11|Z16.23|Z16.29|J98.8|E53.8|I10|F03.90||K44.9|K44.9|||||||F22
J44.1||K44.9|F17.200|J47.9|V02.62||||||||||||||||F20
|Z63.5||||||||||||||||||||F29
J44.1|J96.20|Z99.81|I50.9|J98.8|G47.33|Z99.89|I49.8|E11.9||E66.01|F17.200||||||||||F20
D05.12||F17.210|Z80.3||||||||||||||||||F22
K52.9|N17.9|I10|E79.0|E11.9||G31.84|F10.21|Z96.643|Z85.038|C61|Z79.82|Z87.891|||||||||F22
J96.20|E87.3|J43.9|I27.81|I07.1||E78.4|F17.200|E66.9|||||||||||||F20
N39.0|I13.10|N18.9|I69.951|I69.922|K44.9||||||||||||||||F20
L97.513|G40.909|I10|E78.5|G31.9||G21.19|E53.8|Z59.3|||||||||||||F22
I61.5|Q28.2|J95.811|Y83.6|G93.6|I10||||||||||||||||F20
|F19.230|M23.8X1|||||||||||||||||||F25
|I10||||||||||||||||||||F20
F50.8|E87.1||E22.2|C34.90|K80.20|Z60.2|Z79.891||||||||||||||F20
|E88.09|Z60.2|Z81.8|K44.9|Z86.72|Z90.710|Z91.19||||||||||||||F22
|F12.20|Z81.8|Z65.8||||||||||||||||||F20
|Z86.59||||||||||||||||||||F29
K35.3||F32.9|F10.20||||||||||||||||||F20
S82.842A|E11.9||I10|I50.9|J96.90||||||||||||||||F20
C7A.1||E83.52|N17.9|K44.9|K21.9|Z87.891|Z92.21|Z86.19|Z51.5||||||||||||F22
I50.9|Z95.2|Z95.2|Z95.0|I48.91|E03.9|I10||E66.9|Z79.01||||||||||||F20
S82.209B|||||||||||||||||||||F20
|F60.89|T43.592A|Z81.8|Z21|||||||||||||||||F25
|G93.0|Z56.9|Z04.6||||||||||||||||||F23
J18.9|I50.9|N17.9|E86.0|I48.91|F03.90||Z79.82|Z59.3|||||||||||||F20
R31.9|I12.9|N18.9|E78.5||F10.21|Z96.641|Z74.3||||||||||||||F20
I50.1|I42.0|I48.91|I25.2|Z95.5||N18.4|E11.9|E78.5|Z72.0|Z79.02|Z95.820||||||||||F22
M16.12|F32.9||E78.5|N18.3|||||||||||||||||F20
|E05.90|Z60.2|||||||||||||||||||F22
J18.9|J96.00||F06.0|J44.9|F17.200|Z95.828|Z90.79|Z91.041|||||||||||||F22
C78.6|R18.0|C78.7|C78.00|C77.8|C34.90|E87.1|F17.200||H91.90|Z59.3|Z51.5||||||||||F20
|Z85.3||||||||||||||||||||F25
|I10||||||||||||||||||||F25
H44.23|I69.998|H54.10||Z04.6|Z63.5|Z91.19|Z90.79|Z90.710|||||||||||||F22
K52.9||G31.84|I10|E11.9|E79.0|F10.21|C61|R40.4|Z96.643|Z85.038|Z79.82|Z87.891|||||||||F22
O99.342||F60.4|||||||||||||||||||F29
|F60.9|G40.901|Z60.2|Z91.19|||||||||||||||||F20
L03.119|I12.0|N18.5|N25.81||||||||||||||||||F20
|F12.20|F60.3|Z04.6||||||||||||||||||F25
|F12.10||||||||||||||||||||F20
I34.0|I51.1|I36.0|I27.2|I48.91|Z79.01||D50.9|F17.200|||||||||||||F20
|G40.901|E03.9|Z81.8||||||||||||||||||F23
K55.0|D37.1|K57.30||Z79.891|||||||||||||||||F22
F25.9|E03.9|M81.0|M41.20|Z91.19|Z04.6|Z60.2|Z62.891|Z88.0|Z88.1||||||||||||F20
|L25.9|L98.8|F10.10|F12.10|Z81.8|Z56.0|||||||||||||||F22
|A15.9|F12.10|||||||||||||||||||F29
D50.0|K64.8||F17.200||||||||||||||||||F20
I63.40|D68.311|R47.01|R20.0|I25.9|E11.9|I10|E78.4||Z95.2|Z87.891|Z79.01||||||||||F20
C64.2|N17.9|N13.9|I10|E79.0|||||||||||||||||F20
|Z86.718|Z79.01|Z04.6|Z60.2|Z87.891|Z65.3|||||||||||||||F22
I48.91|I50.9|I10|E03.9||E11.9|F09|||||||||||||||F22
|S02.600A|||Z65.3|||||||||||||||||F20
C34.90|C79.31|R55|N18.9|D52.0||F10.10|K44.9|N31.9|Z87.891||||||||||||F20
|Z63.5|Z04.6|Z88.6||||||||||||||||||F20
|F60.3|I10|E11.9|E66.9|Z72.0|Z59.3|||||||||||||||F25
L40.0|||||||||||||||||||||F22
|I11.9|I50.9|I48.91|I67.2|Z86.73||||||||||||||||F22
|E03.9||||||||||||||||||||F25
Q43.4|C90.00|G40.101|G93.81||R16.1|M81.0|M48.50XA|D50.9|||||||||||||F20
F44.9||N39.0|Z04.6||||||||||||||||||F23
I97.0|I50.20|I50.9|Z95.2|I07.1|I48.91|Z79.01|Z87.891|E78.9||E03.9|||||||||||F20
|I10|E78.0|D35.2|D64.9|Z91.19||||||||||||||||F22
J98.11|J96.00||F17.210|F10.20|||||||||||||||||F20
|I67.2|H91.90|||||||||||||||||||F22
|Z88.1|F17.200|Z81.8|Z60.2|Z04.6||||||||||||||||F22
|F10.20|Z60.2|Z56.0|Z91.19|G21.11||||||||||||||||F22
C50.319|D05.90|Z17.0|Z12.31||||||||||||||||||F20
|Z86.718|Z79.01|Z04.6||||||||||||||||||F22
|Z60.2|Z81.8|||||||||||||||||||F22
|F10.10||||||||||||||||||||F20
C34.10|C79.51|C77.1|C79.31|J18.9|R33.9||Z21|D25.9|K76.0|N28.1|F17.200|Z81.8|||||||||F20
|N39.0|Z60.2|Z81.0||||||||||||||||||F22
|G31.84|H91.13|Z81.8|I45.10|||||||||||||||||F22
K80.01|K82.3|K65.9|B18.2|K83.0|A41.9|R65.20|J96.00|I50.9|K76.7|E43|||||||||||F20
T50.901A||F32.9|||||||||||||||||||F20
|F60.89|T43.592A|E78.9|Z21|Z81.8||||||||||||||||F25
|E03.9||||||||||||||||||||F23
|F10.10|Z91.19|Z04.6|Z60.2|||||||||||||||||F20
|Z04.6|Z81.8|M15.9||||||||||||||||||F22
|F60.89|F10.229|||||||||||||||||||F20
N45.1|R68.89|N40.1|Z87.440||||||||||||||||||F20
|F01.50|E89.0|G40.909|Z86.73|||||||||||||||||F25
C54.1|D25.9|I10|I25.2|I25.9|Z95.5||Z79.82||||||||||||||F23
I63.412|R47.01|G81.91|R29.723|R13.10|I48.2|F32.9||M15.0|L30.9||||||||||||F20
J98.8|I12.9|N18.3|E78.5|J45.909||E27.1|N40.0|Z86.010|Z87.891|F10.21|Z90.49|Z59.3|Z88.0|Z88.0|||||||F22
S72.102A|W19.XXXA|I12.9|N18.9|E78.5|F03.90|F32.9||Z95.828|Z85.820||||||||||||F22
|J44.9|J96.11|Z99.81|Z04.6|Z72.0||||||||||||||||F25
|F63.0|T43.91XA|R40.20||F17.200||||||||||||||||F20
|I10|Z04.6|F14.10||||||||||||||||||F22
E11.649|Z79.4|G40.909|T17.908A|R33.9|I48.0|E11.42|G56.02|E11.22|I12.9|N18.3|E78.5|I25.2|K57.30|K57.30|I70.219|D50.9||J84.89|Z79.82|M20.001|F29
|E78.5|M45.9|||||||||||||||||||F25
C50.819|C77.3|Z17.0||Z80.3|||||||||||||||||F20
D69.3|D69.6|R73.9|T38.0X5A||Z87.891|E44.1|||||||||||||||F20
J15.211|Z16.11|J44.1|J96.20|Z99.81||F17.200|||||||||||||||F20
|F12.29|Z04.6|Z60.2||||||||||||||||||F29
|F42||||||||||||||||||||F22
T82.7XXA|B95.61|I33.0|B95.61|I12.0|N18.5|Z99.2||Z85.528|Z90.5||||||||||||F20
|F50.8|E87.1|Z81.8||||||||||||||||||F20
|F60.9|N39.0|Z60.2||||||||||||||||||F23
|F12.10|Z56.0|||||||||||||||||||F23
|E78.0|Z91.19|||||||||||||||||||F22
F29|F91.9||F41.9|Z3A.37|||||||||||||||||F22
F42|F25.9|B18.2|||||||||||||||||||F20
I49.8||J44.9||J84.10|F17.200|F19.21|||||||||||||||F20
|E78.1|E03.9|||||||||||||||||||F25
|Z72.0||||||||||||||||||||F23
K74.0|N39.0|F06.8|I85.10|E11.9||F17.200|Z85.51|Z90.6|||||||||||||F20
|F60.1|Z81.8|Z91.048||||||||||||||||||F29
|G47.00||||||||||||||||||||F23
J18.9|J96.00|E11.8|Z79.4||Z59.3|Z87.891|||||||||||||||F20
|E66.01||||||||||||||||||||F20
|Z86.19|Z65.1|||||||||||||||||||F25
|E78.00||||||||||||||||||||F20
F42.9||Z86.19|||||||||||||||||||F25
J69.0|J96.00||G31.84|I13.10|E11.22|N18.3|I73.9|Z90.49|Z59.3||||||||||||F20
|E78.4|I25.9|||||||||||||||||||F22
R10.84||Z86.11|||||||||||||||||||F23
|E78.5|Z90.49|Z88.8||||||||||||||||||F22
|G25.81||||||||||||||||||||F22
|G40.901|F10.20|F10.231|J69.0|J96.00|E11.9|Z86.79||||||||||||||F20
|F25.9||||||||||||||||||||F20
|F10.20|Z63.72|||||||||||||||||||F22
|N39.0|Z88.8|||||||||||||||||||F23
I63.40|I48.91|E78.4|R47.1||||||||||||||||||F20
|Z62.891|Z81.8|||||||||||||||||||F22
|Z04.6||||||||||||||||||||F25
|E11.9|E78.5|Z04.6|Z81.8|||||||||||||||||F23
|M75.52|G21.19|T42.75XA|I10|F12.10|Z91.19|Z59.3||||||||||||||F25
F21|G95.0|L28.0|B95.61|M41.20|M21.869|J47.9|||||||||||||||F60.1
|F70|F50.8|||||||||||||||||||F20
|G40.909||||||||||||||||||||F29
K56.5|K80.20|N28.1|I70.0||G20|Z90.3|Z96.641|Z59.3|||||||||||||F20
J44.0|J98.8|J44.1|J96.20|F17.210||Z99.81|||||||||||||||F20
T43.592A|F44.4|F60.89|F41.9||Z81.8|B20|||||||||||||||F25
S72.101A|W19.XXXA|I10||Z59.3|F09||||||||||||||||F29
J44.0|J98.8|J96.22|E66.2||Z86.010||||||||||||||||F20
F25.9|F71|F17.200|||||||||||||||||||F20
M50.223|I10||||||||||||||||||||F20
C34.30|J18.9|C77.1|D63.0|Z92.21|Z92.3|F79||E87.1|Z87.891|Z59.3|Z86.010||||||||||F20
C50.819|C77.3|I42.1||Z90.5|Z17.0||||||||||||||||F20
|Z81.0|Z59.3|||||||||||||||||||F20
|F13.20||||||||||||||||||||F23
F30.12|F25.9|F07.0|F10.10|Z91.19|Z81.8||||||||||||||||F20
S82.031A|W19.XXXA||||||||||||||||||||F20
J98.8|Y95|R19.7|K44.9||F01.50|Z85.46|Z92.3|Z74.3|Z59.3||||||||||||F29
|F12.20|Z90.49|||||||||||||||||||F29
F25.9|F07.0|F10.10|Z91.19|Z81.8|Z63.72|Z91.89|||||||||||||||F20
|Z91.19|Z86.59|||||||||||||||||||F22
|I10|J20.9|M15.9|Z85.3|Z90.10||||||||||||||||F22
F60.0|F60.1||E11.9|I48.0|F79|Z91.5|Z91.19||||||||||||||F21
|E78.0|N39.0|Z04.6||||||||||||||||||F22
|F12.10|F60.9|Z91.19|Z04.6|||||||||||||||||F20
|E11.9|I10|D50.9|H40.9|Z59.3||||||||||||||||F20
|Z59.0|Z60.2|Z63.9|Z65.8|||||||||||||||||F20
K80.20|N39.0|M1A.4711|F10.20|I12.9|N18.3|F41.8|D50.9||Z87.891||||||||||||F22
|E03.9|Z81.8|||||||||||||||||||F25
|Z91.19|Z56.9|Z04.6|Z88.0|Z88.4||||||||||||||||F20
|E22.8|Z81.8|Z91.19||||||||||||||||||F22
|Z91.19||||||||||||||||||||F22
|F10.10|F71|I67.2||||||||||||||||||F22
D46.9|F09|J44.9|K25.9||M40.209|Z59.3|Z51.5||||||||||||||F22
A41.51|N39.0|B96.20|I12.9|N18.9|E78.5|G40.909|N47.1||F09|G31.9|Z59.3||||||||||F25
|Z21||||||||||||||||||||F22
J18.9|J96.00|E11.8|F17.200||||||||||||||||||F20
|J43.9|J47.9|Z99.81|B19.20|Z21|Z82.49|||||||||||||||F20
|J44.9|J96.01|E10.9|N39.0|Z04.6|Z60.2|||||||||||||||F22
Z43.3|K43.2||||||||||||||||||||F25
Z45.010||Z87.11|||||||||||||||||||F20
I26.99|J96.92|I82.401|E66.01|I27.2|F17.210||N39.0||||||||||||||F20
F29|||||||||||||||||||||F25
|F10.10|F14.10|R45.851||||||||||||||||||F23
S72.102A|W19.XXXA|E78.5|I13.0|N18.9|I50.9|I73.9||Z86.73|||||||||||||F29
F23|F60.1||G25.71|T43.595A|||||||||||||||||F22
|F42.9||||||||||||||||||||F29
S06.0X0A|Z95.0||||||||||||||||||||F20
|G40.909|Z81.8|||||||||||||||||||F29
F25.9|F10.10|Z81.8|||||||||||||||||||F20
|E78.0||||||||||||||||||||F23
I11.0|I50.9|I48.91|J96.10|J43.9|E11.9|G20||H54.0|Z79.01||||||||||||F22
E83.51|E83.42|E53.8|S83.004A|W19.XXXA|I48.91|F09|I11.0|I50.9|E11.9|Z79.84|E78.5|L40.9|M10.9|M10.9|I25.2|F32.9||F10.10|F17.200|Z95.5|F29
|Z91.19|E11.9|Z60.2|F17.200|||||||||||||||||F20
C50.419|D05.90||M81.0||||||||||||||||||F20
G24.01|T43.505A|E11.9|E78.5|Z81.8|||||||||||||||||F29
D70.1|R50.81|C90.00|G40.101||Z86.19||||||||||||||||F20
N20.1|N23|K80.20|F25.9||||||||||||||||||F20
C56.9|D63.8|K44.9|K20.9||K44.9|N13.30|K80.20||||||||||||||F20
|Z91.19|J45.909|Z60.2||||||||||||||||||F29
D32.0|J45.909||||||||||||||||||||F29
|E78.0|Z60.2|Z04.6|Z82.0|Z86.73||||||||||||||||F22
|E11.9|I10|E78.4|Z60.2|Z91.19||||||||||||||||F22
|E03.9|Z04.6|||||||||||||||||||F25
|F10.10|F12.10|Z91.19|Z59.0|||||||||||||||||F20
|Z60.2|Z04.6|||||||||||||||||||F23
N39.0|B96.20|I10|E11.9|E03.9||M41.20|Z90.710||||||||||||||F20
F25.9|E03.9|Z86.718|Z79.01|Z60.2|Z86.19|Z88.1|Z86.73||||||||||||||F20
|E03.9|Z90.49|||||||||||||||||||F22
F25.9|F60.9|Z63.5|Z91.041|Z04.6|||||||||||||||||F20
|N39.0|I10|Z60.2|H91.90|J45.909|Z88.6|Z91.19|Z04.6|||||||||||||F22
F25.9|N60.19|E03.9|E78.0|Z95.2|I83.90|K11.20|||||||||||||||F20
|F60.3|I10|E78.5|E11.39|H40.9|E66.9|F17.200|Z90.49|Z88.0|Z79.84|||||||||||F25
|V61.0|Z91.19|Z04.6||||||||||||||||||F22
|F12.20||||||||||||||||||||F29
J18.9|J96.12|G30.9|F02.80|R41.0|R45.1|H91.90||J45.909|I35.2|I27.2|E04.2||||||||||F29
I44.2|E11.9|E78.5|E66.9|E79.0|G82.21||||||||||||||||F29
E87.8|R40.0|K43.0|K91.86||I10|Z85.41|Z90.79|Z59.3|||||||||||||F20
J45.901|J98.8|R09.02|E11.9|G47.33|B18.2||F17.200||||||||||||||F20
|D25.9|Z81.8|||||||||||||||||||F29
E86.0|N17.9|I13.0|N18.9|D63.1|I50.9|J44.0|J69.0|J96.00|E78.5|I48.2|F41.8||F01.50|F01.50|K59.09|Z86.73|Z87.440|Z79.01|Z74.3|Z59.3|F22
|F60.89|Z63.5|||||||||||||||||||F25
J18.9|Y95|J96.91|J96.92|J44.0||Z99.81|F17.210|Z79.51|||||||||||||F20
S06.6X0A|G93.2|G40.309|F71||M96.0|Z88.1|||||||||||||||F20
F60.1||Z59.0|Z62.891||||||||||||||||||F29
J98.8|I11.9|I48.91||Z90.49|E46|Z59.3|||||||||||||||F22
I11.0|I50.9|I48.2|I08.1|I27.2|M79.3|L30.9|E11.9|Z79.84|Z86.19||D80.1|Z91.09|||||||||F29
J44.1|J96.00||F17.200|Z59.3|||||||||||||||||F20
J44.1|J98.8|E11.22|Z79.84|N17.9|N18.3|I50.9|J90|F91.9||F10.97|J62.8|E79.0|E78.5|E78.5|Z59.3|Z99.81|||||F20
|I10|E11.9|E78.00|H81.90|Z88.4|G93.89|||||||||||||||F22
I50.9|I27.2|J96.00|I10|K57.30|I07.1|F32.9|||||||||||||||F22
|E11.9|I67.2|||||||||||||||||||F20
F44.9||I10|I67.2||||||||||||||||||F22
|Z91.19|V61.0|||||||||||||||||||F22
G40.309|||Z86.11||||||||||||||||||F60.1
|F60.1|G93.0|F12.10|Z59.0|Z91.19||||||||||||||||F20
|E11.9|Z91.19|||||||||||||||||||F29
K61.0|M72.6|I96|B96.21||I87.2||||||||||||||||F22
|F60.3|E66.9|I10|E11.9|Z88.0|Z72.0|||||||||||||||F25
|J96.00|R40.20|J69.0|R57.1|E66.9||||||||||||||||F20
J18.9|J96.00|I48.91|J44.9|G30.9|F02.80||Z87.11||||||||||||||F20
I50.9|I48.91|I48.92|J44.0|J96.00|B37.0|G30.9|F02.80||E13.9||R55|K92.1|||||||||F20
F42.9||S00.83XA|W19.XXXA|L50.9|T44.3X5A||||||||||||||||F22
S36.032A|S32.009A|D62||Z85.47|Z90.79|Z92.21|F21|F17.200|Z86.718|Z79.01|Z87.891||||||||||F60.1
|F12.20|F15.90|F14.90|F10.10|Z91.19|Z59.8|Z81.8|Z81.3|||||||||||||F20
G21.0|J96.00|F25.9|F22|G31.84|F17.200|Z59.3|||||||||||||||F20
F25.0||E78.5|||||||||||||||||||F21
|T42.4X1A|T43.011A|||||||||||||||||||F22
|L03.115|Z04.6|Z91.19||||||||||||||||||F20
R09.02|J44.9|E66.01||F17.200|||||||||||||||||F20
K70.30|R18.8|N17.9|N39.0|K20.9|I85.11|K76.6|K31.89||F34.1|F17.200|F10.10|E43|||||||||F20
L03.311|E11.9|E66.9|||||||||||||||||||F29
|F43.23|I10|Z81.8||||||||||||||||||F22
|F12.10|F14.10|||||||||||||||||||F29
|F60.9||||||||||||||||||||F22
|F31.9|E78.5|F19.10|F10.10|F17.200||||||||||||||||F29
J69.0|T17.998A|J96.00|A41.9|N17.9|G30.1||K57.33|F10.21|Z59.3|Z87.891|||||||||||F22
T82.818A|N18.6|Z99.2|E03.9||J42||||||||||||||||F20
|F17.200|R32|Z63.72|Z81.8|||||||||||||||||F20
K57.30|K57.80|K35.80||F17.210|||||||||||||||||F25
F25.9|F12.10|Z56.0|Z63.79|Z91.19|||||||||||||||||F20
K43.2|I10|F34.1||Z85.038|Z90.49|Z68.41|Z85.3|Z90.10|Z85.828|Z86.11|||||||||||F20
|F84.5||||||||||||||||||||F29
I63.50|I12.9|N18.9|R47.1|G81.93||F17.200|||||||||||||||F20
|F60.3|D50.9|I10|E11.9|Z72.0|E66.9|||||||||||||||F25
H25.9|||||||||||||||||||||F20
F14.20|F12.20|F13.10||F60.89|Z91.19|B18.2|||||||||||||||F25
I63.50|R47.1|G51.0|I11.0|N18.5|F17.200||I69.922|Z79.02|||||||||||||F20
|Z63.5||||||||||||||||||||F20
|Z56.0||||||||||||||||||||F20
A41.9|A09|N19|D70.9|I11.9|I48.91||F09|Z74.3|Z59.3||||||||||||F22
|E11.9|G40.909|G47.33|Z91.19|Z99.89|Z86.73|||||||||||||||F22
|N39.0|R78.81|B95.61|Z16.11|R68.89|N17.9|N40.1|Z87.440||R97.2|Z59.3||||||||||F20
|Z04.6|Z91.19|E03.2||||||||||||||||||F20
|F11.21|Z63.5|||||||||||||||||||F29
F43.10|||||||||||||||||||||F29
I48.91|Z95.2|Z79.01|E66.9||J42|E78.0|F17.200||||||||||||||F20
|Z91.19||||||||||||||||||||F25
|F12.20|F10.20|||||||||||||||||||F29
|I42.1|I10|E78.0|E11.9|Z86.011|I67.2|Z04.6|Z86.711|||||||||||||F23
F25.9|Z81.8|Z98.89|Z87.798||||||||||||||||||F20
|F10.21|Z81.8|||||||||||||||||||F23
J96.20|E87.2|E66.2|J98.8|J44.9||F43.0|F32.9|F17.200|Z59.3||||||||||||F20
F25.9|E03.9|E22.8|Z91.19||||||||||||||||||F20
|E11.9|E78.5|||||||||||||||||||F25
|I10|G21.11||Z81.8|Z90.710||||||||||||||||F22
N39.0|L03.119|B37.0|N28.1|I10|E11.40|E10.42||Z96.649|||||||||||||F22
F19.97|F03.90||I25.5|Z95.1|I10|E11.9|E78.4||||||||||||||F60.1
E11.618|E86.0|R39.81||E74.21|F17.200|Z59.3|Z83.3||||||||||||||F20
|R76.11|Z91.19|Z04.6|Z88.0|||||||||||||||||F20
F21|F50.00|Z81.8|||||||||||||||||||F60.1
|F60.9|Z04.6|||||||||||||||||||F22
|Z86.018||||||||||||||||||||F25
F34.1|F41.1||||||||||||||||||||F22
|F44.9|Z04.6|||||||||||||||||||F29
C34.30|Z90.2|E11.9|K80.20||F17.200||||||||||||||||F20
|F25.0|E03.9|||||||||||||||||||F23
|F60.89|D25.0|D25.1|N83.1|Z04.6|Z91.19|||||||||||||||F23
J98.8|B95.62||K59.00|M48.50XA|||||||||||||||||F20
D37.1|K52.2|R39.81|K80.20|N40.1|R33.8||F17.200||||||||||||||F60.1
|B18.2|Z59.3|F19.21||||||||||||||||||F29
|Z87.442|Z91.19|||||||||||||||||||F22
S42.399A|||L93.0|F79|Z59.3||||||||||||||||F20
|Z63.79|Z65.8|Z65.8||||||||||||||||||F20
|K29.40|K44.9|Z91.19|Z60.2|Z85.828||||||||||||||||F22
|Z71.89|Z60.2|Z56.0||||||||||||||||||F23
|Z91.19|Z59.3|||||||||||||||||||F20
F10.20||I10|I48.91|I25.9|Z91.19|Z96.659|||||||||||||||F22
|Z81.8|Z04.6|||||||||||||||||||F22
|F10.10|F12.10|Z59.0||||||||||||||||||F20
|F60.1|E11.9|||||||||||||||||||F29
|N39.0|B35.1|Z63.5|Z04.6|Z91.19||||||||||||||||F22
F43.10||F10.10|F12.10||||||||||||||||||F29
C18.7|C77.2||||||||||||||||||||F20
|Z04.6|Z81.8|Z63.5|Z91.19|Z59.0||||||||||||||||F20
|I10|Z04.6|Z91.19||||||||||||||||||F22
F31.9||F60.9|G82.20|N31.9|S34.109S|Z89.202|K50.90|Z59.3|Z91.19||||||||||||F25
|F10.10|F14.10|||||||||||||||||||F20
K80.18|||||||||||||||||||||F20
|G40.109|Z91.19|Z81.8|Z04.6|||||||||||||||||F29
C79.31|R40.20|C34.10|J98.8|N17.9|N18.9||Z87.891|F10.10|||||||||||||F20
|F60.1||G40.901|E78.0|L25.9|H20.9|Z81.8|Z04.6|||||||||||||F29
C79.31|C78.7|C79.51|C77.8|C79.70|C18.0|L92.1|||Z79.891|Z80.0|||||||||||F22
F25.9|F60.3|F10.10|F12.10|Z63.5|Z04.6|S06.9X9S|Z88.8||||||||||||||F20
C18.7|C78.00|J96.01|C78.7|C78.6|G89.3||K44.9|Z51.5|Z59.3||||||||||||F25
F25.9|F60.9|Z81.8|Z56.0|Z88.8|||||||||||||||||F20
|L21.9|E78.4|Z59.3||||||||||||||||||F20
F21|||||||||||||||||||||F60.1
R40.20|T42.4X1A|F19.921|I10|F25.9|E03.9|E78.4|E66.9|Z86.718|Z79.82|Z59.3|Z88.1||||||||||F20
E11.618||N18.6|I25.5|F17.200|F10.10|Z79.4|Z88.0|Z60.2|||||||||||||F23
|I10|Z86.718|Z04.6|Z91.19|Z87.442||||||||||||||||F22
|F60.89|F12.10|F14.10|F19.10|G40.909||||||||||||||||F29
|F60.1|J32.4|||||||||||||||||||F29
|F71||||||||||||||||||||F25
|F60.4|F60.81|F60.3|F60.2|F60.6|F60.5|F60.7|Z91.19|||||||||||||F29
M96.89|M40.295|M84.48XA|E11.9|Z79.84|E78.5||Z98.1||||||||||||||F25
|F12.20|F60.9|Z91.19||||||||||||||||||F20
|F09||||||||||||||||||||F22
K80.18|K66.0|N40.0|||||||||||||||||||F20
D78.11|D62|D78.01|I50.1|I05.2|I07.1|I27.2|F25.9|I10|I48.91|I45.10|E01.2||||||||||F20
|I42.4|Q87.1|Z95.2||||||||||||||||||F29
N81.6|Z90.710||||||||||||||||||||F20
N39.0|B96.89|G40.909|H18.899||I13.10|N18.9|G20|E78.5|J96.12|G47.33|Z99.81|E66.9|K44.9|K44.9|F32.9|Z59.3|Z86.73|Z90.49|||F22
|Z91.19|Z04.6|||||||||||||||||||F60.1
|D35.2|H40.9|Z81.8||||||||||||||||||F29
S82.191A|S82.831A|X58.XXXA|J44.9||G40.909|I25.9|Z86.19|M48.02|G95.9|E78.5|Z88.0|Z79.82|Z85.21|Z85.21|Z90.02||||||F22
G35|I10|F17.200||F14.10|F11.20|I45.10|Z79.82||||||||||||||F20
|Z98.84||||||||||||||||||||F22
A41.9|A41.9|K80.63||J43.9|J96.10|Z99.81|||||||||||||||F20
|K51.90|K76.1|||||||||||||||||||F20
J18.9|J44.9||I49.8|Z87.19|||||||||||||||||F20
|Z04.6|Z63.5|Z60.2|Z81.8|Z91.19||||||||||||||||F29
|D68.51|I34.0|Z86.73|Z56.0|Z81.8|Z71.89|||||||||||||||F22
|F41.9|L98.1|L57.0|K44.9|I10|T78.3XXA|Z91.048|Z60.2|||||||||||||F22
|Z63.5|F17.200|||||||||||||||||||F23
|F14.20|F12.21|F15.21|F16.21|J45.909|E78.5|||||||||||||||F20
|F17.200||||||||||||||||||||F29
|F32.9|F10.10|||||||||||||||||||F20
|I10|E04.1|I26.99||||||||||||||||||F22
|E78.0|I10|E03.9|Z63.5|||||||||||||||||F22
|F60.4|F60.81|F60.3|F60.2|Z91.19||||||||||||||||F29
C61|C78.7|R18.0|C79.51|K52.89|N17.9|I10|N28.1||Z59.3|Z51.5|||||||||||F20
A41.9|R65.20|J96.00|R40.20|J98.8|E11.9|N20.0||Z59.3|||||||||||||F20
|F60.9||||||||||||||||||||F29
J44.1|J96.20||Z21|B18.2|F11.21|F12.10|F17.200|E78.2|||||||||||||F20
J98.8|T17.908A|G31.09||Z85.46|K44.9|K80.20|||||||||||||||F29
F60.9||N39.0|Z88.6||||||||||||||||||F23
|I10|I69.898|G40.901|Z81.8|Z87.442||||||||||||||||F22
J98.8|J44.9|K59.09|R63.3|I13.0|I50.9|N18.3|I48.2|D64.9|F01.50||F09|F41.8|Z86.19|Z86.19|Z74.3|Z74.09|||||F22
|Z60.2|Z81.8|||||||||||||||||||F20
|E11.9|E78.4|Z59.3||||||||||||||||||F20
|T50.901A||I80.00|Z81.8|||||||||||||||||F20
|Z91.19|I10|E11.9|Z81.8|||||||||||||||||F20
S72.043A|||||||||||||||||||||F20
|Z04.6||||||||||||||||||||F23
F25.9|E03.9|Z04.6|Z81.8|Z63.5|Z91.19||||||||||||||||F20
I50.9|I10|I48.91|Z95.0|E11.9|E66.9|E03.9||Z88.6|||||||||||||F20
|E78.2|Z91.19|||||||||||||||||||F22
|C91.11|N39.0|F17.200|Z04.6|R73.09||||||||||||||||F23
F25.9|G31.84|F05|Z86.73|H91.90|E78.4|Z59.3|||||||||||||||F20
|I49.9|Z79.01|Z59.3|Z04.6|||||||||||||||||F20
F10.239|||||||||||||||||||||F29
K57.31|D62||G31.84|I10|E03.9|N40.0|E78.4|Z88.6|||||||||||||F22
J96.20|E67.8||F17.200||||||||||||||||||F20
|E11.9|E78.5|Z79.84||||||||||||||||||F20
|F60.5||||||||||||||||||||F29
H26.9||F82|L40.9||||||||||||||||||F20
F25.9|G30.9|F02.81|F01.50|Z86.718|Z88.0|Z88.6|Z59.3|Z81.8|||||||||||||F20
J98.8|J96.92|R41.0||F79|E11.9|Z79.84|E66.9|Z85.3|Z74.3|Z59.3|||||||||||F20
S72.099A||Z90.710|||||||||||||||||||F20
H26.9|E11.9||||||||||||||||||||F20
G31.84||S32.009A|I10|E78.4|E03.9|N40.0|Z88.6|Z88.8|||||||||||||F22
|F10.10|R60.0||Z91.19|Z81.8||||||||||||||||F20
G93.40|E66.2|J96.12||I48.2|Z79.01|I11.9|Z59.3|Z85.3|Z92.21||||||||||||F20
S82.201C|S82.401C|W19.XXXA|I27.81|F17.210|F60.89||Z96.641||||||||||||||F29
|F60.1|Z81.8|||||||||||||||||||F29
|Z65.9||||||||||||||||||||F23
|G31.84|F70|E03.9|E78.9|Z04.6|Z63.5|||||||||||||||F29
|N40.0|Z86.59|Z81.8|Z59.3|||||||||||||||||F25
|E66.9|Z59.3|||||||||||||||||||F20
S52.501A|S52.502A|S66.221A|S42.202A|X58.XXXA|||||||||||||||||F22
|Z91.19|V61.0|Z81.8||||||||||||||||||F20
|F71|Z04.6|Z59.3|Z81.0|||||||||||||||||F29
A41.59|N39.0|A41.51|A41.02|A40.8|L97.419|L97.429|M86.151|L97.119|B96.20|B95.62|B96.89|B95.4|M84.454A|M84.454A|D64.9||I48.0|Z79.01|N40.0|Q43.3|F29
|E11.9|F12.10|E78.0|J45.909|Z81.8|Z63.5|Z98.51||||||||||||||F22
|Z63.5|Z04.6|Z91.19||||||||||||||||||F22
|F11.20|F14.10|F60.89||G81.93|B94.8|Z60.2|Z91.19|Z88.0|Z88.2|Z86.11|Z96.649|||||||||F23
C34.90|C78.00|C78.7|C77.8|C78.6|R18.0||H91.90|K86.1|F17.200|Z59.3|||||||||||F20
|Z97.4|Z88.1|||||||||||||||||||F22
|Z60.2|Z91.19|||||||||||||||||||F25
A41.9|J98.8|I50.9|G31.84|F43.20||F41.9|M19.90|H91.90|Z59.3||||||||||||F29
G40.409||F60.1|K70.9|F10.21|||||||||||||||||F29
|F60.89|I10|E78.5|H40.9|G25.0||||||||||||||||F25
|F60.0|I05.2|Z79.01|Z86.73|Z63.5|Z60.2|Z91.19||||||||||||||F22
N39.0|B96.20|F44.89|F79|Z60.9||F41.9|||||||||||||||F29
|T50.905A|I73.9|E04.2|I10|I47.2|K59.00|Z90.710|M41.86|||||||||||||F29
C32.0||F17.210|||||||||||||||||||F20
F42|F40.10||F13.20|E78.2|||||||||||||||||F60.1
|F60.9|Z91.19|||||||||||||||||||F22
T85.09XA|Z98.2|G93.2|I10||E03.9|E78.0|F17.200||||||||||||||F20
|F12.10|F14.10|F10.10|R41.83|T43.596A|Z91.19|||||||||||||||F20
|I10||||||||||||||||||||F29
J44.1|J98.8|J96.20|E87.2|E66.2|F17.210|E11.9|Z79.84|E78.5||Z99.89|Z99.81|Z59.3|||||||||F20
F25.9|B18.2|E78.2|I10|Z86.19|F10.10||||||||||||||||F20
|D47.2|K44.9|N83.20|K64.9|K60.2||||||||||||||||F22
S05.10XA||K76.0|F10.27||K22.70|F10.10|F17.200||||||||||||||F20
|K51.90|D50.9|K76.1|F14.10|||||||||||||||||F22
|J44.1|J96.21|Z99.81||Z72.0||||||||||||||||F20
I50.9|J96.10|J44.1|Z99.81|I34.0|R40.20|S06.0X9A|W19.XXXA|I48.91|Z79.01|E03.9||Z72.0|Z86.711|Z86.711|||||||F20
J44.1|J96.22||F17.210|Z99.81|||||||||||||||||F20
C18.2|G89.3|C80.0|||||||||||||||||||F22
|K52.89|Z81.8|Z04.6|Z91.19|||||||||||||||||F20
|Z04.6|Z81.8|L40.9||||||||||||||||||F22
|Z60.2|Z81.8|Z88.0|Z87.442|||||||||||||||||F22
A41.51|R65.21|J43.9|J96.10|I10|G40.909|M48.02|I69.351|I25.2||Z87.891|Z86.59|Z99.81|Z79.82|Z79.82|Z59.3||||||F29
K43.0|I10|E79.0|E78.00||Z85.3|Z90.12|Z90.710|Z90.722|||||||||||||F20
F29||F60.89|||||||||||||||||||F22
J18.9||E03.9|Q90.9||||||||||||||||||F29
|Z88.8||||||||||||||||||||F22
F25.9|T42.4X1A||T43.501A||Z63.5||||||||||||||||F20
S42.292A|S82.52XA|S42.192A|S32.502A|S22.069A|S22.089A|S32.029A|S22.21XA|S22.5XXA|S27.1XXA|T79.7XXA|V09.9XXA|Y92.410|D64.9|D64.9|J96.01|I10|F31.9||K57.30|Z86.010|F22
N39.0|B96.4|Z16.29|D47.2||F09|Z59.3|Z74.1|Z86.711|Z86.718|Z79.82|||||||||||F20
F05||E11.9|I25.5|N18.6|F17.200|F10.10|Z99.2|Z90.89|Z79.4|Z88.0|Z60.2||||||||||F23
|E11.9|I87.2|Z60.2||||||||||||||||||F22
|F70|J45.909|G40.901|Z91.19|Z04.6|Z81.8|Z88.6|Z88.5|||||||||||||F20
|E03.9|Z81.8|Z04.6|Z91.19|||||||||||||||||F20
|F60.0|Z91.19|||||||||||||||||||F22
|Z04.6|Z60.2|||||||||||||||||||F22
I11.0|I50.9|I48.91|F09||C61|Z79.82|||||||||||||||F22
C18.9|J96.00|D63.0|K57.30|N28.1|I35.0||G30.9|F02.80|Z59.3|D12.0|||||||||||F20
I71.01|I74.11|I10|E66.01|E67.8||Z87.891|||||||||||||||F20
|G31.84||||||||||||||||||||F20
F25.9|I10|E03.9|Z60.2|Z81.8|Z63.72|Z82.3|||||||||||||||F20
|C77.1|C34.10|Z87.891||||||||||||||||||F23
|F71|I10|||||||||||||||||||F29
C83.31|F17.210||||||||||||||||||||F20
D01.0|D12.0|G40.901||N62|Z59.3||||||||||||||||F20
|Z91.19|Z81.8|Z60.2||||||||||||||||||F20
|Z60.2|Z04.6|Z91.19||||||||||||||||||F22
F22||M47.892|M65.331|M65.332|Z81.8||||||||||||||||F21
|Z04.6|Z81.8|||||||||||||||||||F23
I11.0|I50.9|J96.90|N17.9|E87.2|I49.49|I35.0|E79.0|E11.9|Z79.84|K76.0|K80.20|N40.0|N32.89|N32.89|N32.3|N28.1|D47.2|D18.03|F32.9||F22
|F12.10|Z63.5|||||||||||||||||||F20
S02.0XXA|S22.49XA|J95.821|S27.2XXA|S12.000A|S32.009A|S36.899A|T79.7XXA|M62.82||I10|||||||||||F20
|J43.9|E04.9|B19.10|F11.10|F12.10|F17.200|||||||||||||||F22
|Z85.42||||||||||||||||||||F25
E86.0|E87.0|N17.9|R45.1|I10|E79.0|I48.2||N40.0|H91.90|Z86.010|Z98.42|Z85.828|Z87.891|Z87.891|Z86.59||||||F29
F25.9||F29|E78.00|H90.5|Z82.49|Z81.8|||||||||||||||F22
S42.211A|W19.XXXA|F32.9|G35||Z86.018|Z96.1|||||||||||||||F29
S82.892A|X58.XXXA||||||||||||||||||||F20
C18.0|C77.2|K56.69|G89.3|Z90.49|Z92.21||Z51.5||||||||||||||F20
F10.239|G40.901|F10.20|K70.9|J20.9|F11.21|F12.10|F17.200|F19.10||V02.61|||||||||||F22
|F60.5|Z60.2|||||||||||||||||||F20
N39.0|F43.20||K44.9|K57.30|Z88.0|Z87.440|Z86.010|Z90.89|||||||||||||F22
|F14.10|Z81.8|||||||||||||||||||F25
C20|K61.0|C79.51|Z93.3|D18.03||Z59.3|E43||||||||||||||F20
|Z91.19|Z86.73|Z60.2|I44.0|Z90.710||||||||||||||||F22
F05||M51.86|I10||||||||||||||||||F22
|F70|I88.9|Z59.3||||||||||||||||||F20
T85.09XA|G96.0|G91.1||I10|E03.9|F17.200|||||||||||||||F20
|F12.20|E78.5|E66.9|I10|F17.210||||||||||||||||F25
C34.90|C77.3|C79.51|C78.7|C77.8||D18.09|F17.200||||||||||||||F20
|E87.1|F50.8|Z04.6|Z86.718|||||||||||||||||F20
|F60.9|C96.6|J43.9|K22.0|G56.03|F10.10|||||||||||||||F22
G40.901|G83.81|E11.9||N40.0|F17.200||||||||||||||||F22
|F60.5||||||||||||||||||||F23
C88.4|Z92.21|G93.5|R56.9|E87.70||T38.0X5A|E41||||||||||||||F23
K80.33|E11.9||||||||||||||||||||F20
F42||H91.90|N40.0|Z88.8|||||||||||||||||F22
J18.9|G30.9|F02.81||M81.0|Z74.3||||||||||||||||F29
N17.9|I12.9|E11.22|N18.9|J96.20||E78.5|F32.9|J84.89|||||||||||||F25
|F10.10|Z63.79|Z63.9|Z60.3|Z65.8|Z72.4|||||||||||||||F20
Z49.01|N18.6|Z99.2|E03.9|J44.9|||||||||||||||||F20
|F60.9|E11.40|E10.42|E78.4|||||||||||||||||F22
|E78.5|I10|||||||||||||||||||F22
N17.9|I12.9|N18.9|E86.0||L44.9||||||||||||||||F20
|K51.90|K76.1|D50.9|F14.10|Z91.19||||||||||||||||F22
|F12.10|F13.10|F14.10|Z81.8|Z91.19||||||||||||||||F20
|F14.20||||||||||||||||||||F29
I63.30|I10|G31.84|||||||||||||||||||F20
|F02.80||||||||||||||||||||F22
|Z81.8|Z91.19|||||||||||||||||||F23
J69.0|J44.1|J96.02|T43.505S||F17.210|Z59.3|Z99.81|Z99.89|G93.40||||||||||||F20
T79.6XXA|X58.XXXA|I80.9|S00.432A|W19.XXXA|Y92.239|F10.20||J44.9|Z85.819|Z90.02|Z93.0|Z87.891|||||||||F20
D50.9|K55.20||F32.9|F91.9|F09|I48.0|Z79.01|I12.9|N18.4|E03.9|E78.00|M17.0|M47.896|M47.896|Z95.2||||||F22
K56.2|I12.9|N18.9|G30.9|F02.80||F31.9|Z59.3|Z74.1|Z90.49|Z90.710|Z90.722|Z79.82|||||||||F22
|E78.2|Z91.19|||||||||||||||||||F20
N39.0|T43.95XA|R41.0|I48.2|I12.9|N18.3|F01.50|E78.5|F41.8||L89.600|D64.9|Z59.3|Z74.3|Z74.3|Z86.73||||||F22
|Z81.8|Z04.6|||||||||||||||||||F23
A41.9|R65.20|J96.00|N17.9|E87.2|R65.21|G40.901|J18.9|F25.9|M48.06|B18.2|F10.10|F17.200|||||||||F20
|R60.1|R41.0|E87.1|T42.1X5A|G21.19|T43.595A|||||||||||||||F25
F50.89|F01.51|B37.49|I13.0|I50.9|N18.9|D63.1|J44.9|K59.09|E78.5|I48.2|F41.8||Z86.73|Z86.73|Z87.440|Z79.01|Z74.3|Z59.3|||F22
J18.9|I11.0|I50.9|I34.0|K59.09|E11.39|H40.9|E87.6|N28.1|M48.54XA|M43.16|I10|M19.90|M81.0|M81.0|F09|I87.2||K57.30|K64.9|Z59.3|F22
|I10|Z04.6|||||||||||||||||||F20
|G31.84|F70|E78.9|E03.9|Z04.6|Z63.5|Z60.2||||||||||||||F29
|Z91.19|Z04.6|||||||||||||||||||F22
|E11.9|Z91.19|Z04.6||||||||||||||||||F22
S72.011A|W19.XXXA||F03.90|Z88.6|||||||||||||||||F29
I11.0|I50.9|I50.20|I48.91|R33.9|J43.9|G20|E11.9|K26.9||H54.0|Z88.0|Z87.891|||||||||F22
|G31.84|I25.5|I44.7|N17.9|L97.909|E53.8|M15.9|Z60.2|||||||||||||F22
|F60.0||||||||||||||||||||F25
|Z60.2|E11.9|E78.5|R41.83|||||||||||||||||F22
J93.9|J96.00|J98.8|R41.81|I12.9|N18.9|E78.5||F10.21|Z96.641|Z74.3|Z59.3|N40.0|Z79.01|Z79.01|||||||F20
K40.20|I10|I48.91|||||||||||||||||||F20
J18.1|J96.90|I48.91|Z95.2|B18.2||D69.6|Z86.11|Z59.3|||||||||||||F29
|Z04.6|Z60.2|Z63.5|Z91.19|||||||||||||||||F22
I48.91|J98.8|J96.20|I10||G82.50|S14.109S|N28.1|K76.0|K56.41|Z79.82|Z59.3||||||||||F20
A41.9|K59.00|R40.4|F05|T50.905A||E11.9|E66.9|E78.5|E79.0|G82.20|S22.081S|X80.XXXS|Z91.5|Z91.5|D25.9|Z95.0|Z90.49|Z74.3|Z59.3||F20
|F70|G80.9|||||||||||||||||||F25
|F07.0|F70|H91.90|G40.909|||||||||||||||||F29
S72.009A|||||||||||||||||||||F20
I21.11|I25.10|I24.1|I31.3|R73.03|I25.41|F17.210|||||||||||||||F20
|E03.9||||||||||||||||||||F20
S82.201A|W19.XXXA|I10|K40.90||F17.200||||||||||||||||F20
|G31.84|Z60.2|Z91.19||||||||||||||||||F20
F01.50||D50.9|I77.6|M45.9|N18.3|Z59.3|||||||||||||||F20
|F12.20|F60.9|||||||||||||||||||F22
K40.90|||||||||||||||||||||F20
|F60.3|I10|E11.9|E66.9|Z59.3|Z72.0|Z88.0||||||||||||||F25
|E78.1|E03.9|E22.1|T43.505A|||||||||||||||||F25
K65.0|K91.89|K40.90|L89.159|B96.4|B96.20||||||||||||||||F20
F25.9|F01.50|G30.9|F02.81|Z81.8|||||||||||||||||F20
|B18.2|Z04.6|Z81.8|Z91.19|||||||||||||||||F20
C50.511|Z17.0|F03.91|L27.0|T36.8X5A|J98.8|Y95||M81.0|I06.1||||||||||||F22
K52.1||Z85.3|Z92.3|J91.8|I42.5||K57.30|M81.0|Z90.5|Z87.891|||||||||||F20
I61.9|I10|D35.2|J44.9|J96.10|Z99.81|I25.5|M10.9|H81.93||Z85.79|Z92.21|Z92.3|Z86.718|Z86.718|||||||F22
I62.03|I10|R32|G20|E03.9|E11.9||||||||||||||||F22
C78.7|C34.90|C79.31||Z59.3|||||||||||||||||F20
|Z87.891|Z04.6|Z60.2||||||||||||||||||F22
T85.398A|||||||||||||||||||||F20
N39.0|R41.0||H44.113|H54.62|M35.9|G21.19|E66.9|Z88.1|Z59.3||||||||||||F29
|Z59.3|E11.9|I10|E78.5|D50.9|Q43.8|||||||||||||||F20
S72.099A|D62|F05|R09.02|I49.8|I10|I34.0|I70.0|K44.9|K58.9||Z90.710||||||||||F22
I21.4|I25.10|I25.82|I25.2|I50.20|I50.1|R57.0|I48.91|I34.0|I45.10|D50.9|E11.9||||||||||F20
|Z04.6|Z91.19|Z63.5||||||||||||||||||F29
|B18.2|F17.200|F12.10|Z04.6|Z98.51||||||||||||||||F20
S83.412A|V29.9XXA||||||||||||||||||||F20
I25.10|I20.0|E78.0|I10|Z87.891|Z79.82|Z82.0|I65.29||I97.710|I48.91|I49.5|N99.89|||||||||F22
K83.0|K91.89|T85.590D|Y83.8|Z94.4|E78.5||Z87.891||||||||||||||F20
|N28.1|Z63.5|Z04.6|Z81.8|||||||||||||||||F22
J44.0|F17.210||I10|N40.0|E78.5|E66.9|F41.8||||||||||||||F20
|F12.10|Z81.8|||||||||||||||||||F29
G40.909|F17.210|F10.21|I25.2|J44.9|F60.9||Z59.3|Z86.73|Z79.82|Z99.81|Z85.21|Z85.89|||||||||F29
N39.0|B96.1|F05|L89.609|B95.62||I10||Z87.891|Z59.3||||||||||||F20
|E88.81|Z79.84|J45.901||||||||||||||||||F25
I50.9|I51.89|I31.3|D50.9|N40.0|M48.06||Z96.653||||||||||||||F22
J98.8|C78.00|C78.7|C77.2|C79.70|Z85.038|Z90.49|Z93.3|E11.9||Z92.21|Z51.5||||||||||F20
D37.1|L72.3|T81.719A|I80.9|K68.11|I26.90||F17.200||||||||||||||F60.1
|N39.0|Z81.8|Z63.72||||||||||||||||||F25
M62.82|F14.21|F12.21|||||||||||||||||||F29
F25.9|G20|E11.9|I10|H40.9|E66.9|I25.10|H91.90|Z04.6|Z59.3||||||||||||F20
T87.89|B95.62|B95.4|Z89.439|E11.51|I79.8|I65.29|I12.9|N18.9|I34.0|I35.0|I50.22|I87.2|||||||||F22
|Z91.19|Z56.0|||||||||||||||||||F20
|F10.10|I10|E78.5||||||||||||||||||F25
N18.5|I50.9|J18.9|||||||||||||||||||F20
J44.1|J96.20|Z99.81|J98.8||||||||||||||||||F20
|F12.129|F14.129|||||||||||||||||||F20
|F12.10|Z91.19|||||||||||||||||||F20
I11.0|I50.9|J96.01|E11.9|Z79.84|E53.8||F42.3|E03.9|I48.2|H40.9|M81.0|D50.9|Z86.018|Z86.018|Z87.440|Z88.8|||||F22
|F60.3|I10|E11.9|E78.5|E66.9|F17.200|Z90.49|Z79.84|Z88.0||||||||||||F25
|I87.2|Z90.710|||||||||||||||||||F22
C18.2|D63.0|I50.9|I08.1|I27.2|I48.91|Z79.01|I10|I87.2||K57.30|K44.9|Z95.0|Z95.810|Z95.810|||||||F22
J69.0|J96.00|K92.2|C34.30|Z90.2|E11.9||Q43.4|F17.200|Z59.3||||||||||||F20
F44.9||Z91.19|Z81.8||||||||||||||||||F23
|G30.9|F02.81|I10|E78.0|K52.2|Z60.2|Z91.19|Z90.710|||||||||||||F22
|F21|Z04.6|Z81.8|Z56.0|Z88.6|D68.2|||||||||||||||F29
I63.9|R29.707|R29.810|R47.81|I11.9|E11.9|Z79.84|E78.5|E66.9|I48.0|Z79.01|G31.84||F32.9|F32.9|Z98.61|Z86.711|G47.33|Z99.81|Z96.652|Z59.3|F20
|M62.82|F19.21|F11.20|Z65.3|||||||||||||||||F29
|F02.81||B18.2|F15.10|Z60.2||||||||||||||||F22
E87.1|F50.8|E22.2||C34.90|C78.7|F17.200|Z79.891||||||||||||||F20
|Z91.19|D35.2|||||||||||||||||||F23
J44.1|J96.20|Z99.81|E87.2||F17.200|Z90.710|||||||||||||||F20
|Z86.73|I10|||||||||||||||||||F22
J43.9|J98.8|J96.20|I27.81|E78.0|F34.1|B02.29|E88.01||R78.89|I49.8|Z87.891|Z86.718|Z98.49|Z98.49|||||||F22
K80.00|G20|F23||I10|||||||||||||||||F20
|Z81.8|Z91.19|Z63.5||||||||||||||||||F25
J98.8|J96.00||I10|E66.9|Z59.3||||||||||||||||F20
I48.91|I10|I27.2|D50.9||E78.4|Z87.11|Z79.01|Z85.038|Z90.49||||||||||||F20
R51|G97.1|Y84.8||F17.210|||||||||||||||||F29
C34.12|C79.31|C78.7|C79.71|F17.210|K80.20|N28.1|||||||||||||||F20
|F60.3|Z91.19|||||||||||||||||||F22
K56.49|C61||Z59.3||||||||||||||||||F20
J98.8|J98.01|J44.9|I13.0|I50.9|N18.3|I48.2|D64.9|F01.50||F41.8|K59.09||||||||||F22
T84.50XA|B96.20|Z16.24|Z96.649|E11.9|I10|J42|G20||||||||||||||F20
K56.2|I12.9|N18.9|G30.9|F02.80||F31.9|Z90.49|Z90.710|Z90.722|Z79.82|Z74.3|Z59.3|||||||||F22
|F60.89|Z65.3|||||||||||||||||||F25
|Z81.8||||||||||||||||||||F20
N39.0|B96.1||G82.50|I48.91|Z79.01|K44.9|K76.0|E66.9|Z59.3||||||||||||F20
C83.33|N13.30|B25.8|A09|R65.11|N17.9|R57.1||E43|||||||||||||F20
|E06.9|E04.1|Z65.8||||||||||||||||||F23
|Z04.6|Z91.19|Z86.19||||||||||||||||||F23
|S02.5XXA|Z62.891|Z81.8|Z04.6|||||||||||||||||F22
